# EVENT,XZ_DELTA,Y_DELTA,PITCH_DELTA,YAW_DELTA,SPEED_LEVEL,ON_GROUND,ANGLE_DOT,DISTANCE,PING,TPS,TIMESTAMP,offset
move,-0.27601181960002563,0.0,-31.259243,67.18234,3,false,,,,,1464519748014,???
serverInfo,,,,,,,,,251,19.95609658750748,1464519748014,0
animation,,,,,,,,,,,1464519748039,25
attack,,,,,,,,,,,1464519748039,0
attackInfo,,,,,,,-0.9089292052469397,1.6258539793045788,,,1464519748039,0
serverInfo,,,,,,,,,251,19.857029388403497,1464519748039,0
animation,,,,,,,,,,,1464519748039,0
attack,,,,,,,,,,,1464519748039,0
attackInfo,,,,,,,0.7470422886036898,6.5132030541584855,,,1464519748039,0
serverInfo,,,,,,,,,251,19.857029388403497,1464519748039,0
animation,,,,,,,,,,,1464519748039,0
attack,,,,,,,,,,,1464519748039,0
attackInfo,,,,,,,0.8327137452886573,2.8911694149567215,,,1464519748039,0
serverInfo,,,,,,,,,251,19.857029388403497,1464519748039,0
move,-0.3952075225295495,0.0,-1.8464737,15.813202,3,false,,,,,1464519748068,29
serverInfo,,,,,,,,,251,19.93620414673046,1464519748068,0
animation,,,,,,,,,,,1464519748068,0
attack,,,,,,,,,,,1464519748068,0
attackInfo,,,,,,,-0.7192861440174714,2.0832211025739413,,,1464519748068,0
serverInfo,,,,,,,,,251,19.93620414673046,1464519748068,0
animation,,,,,,,,,,,1464519748068,0
attack,,,,,,,,,,,1464519748068,0
attackInfo,,,,,,,0.5704660264263045,6.465411108396967,,,1464519748068,0
serverInfo,,,,,,,,,251,19.93620414673046,1464519748068,0
animation,,,,,,,,,,,1464519748068,0
attack,,,,,,,,,,,1464519748068,0
attackInfo,,,,,,,0.8410766533510514,2.9512117625905865,,,1464519748068,0
serverInfo,,,,,,,,,251,19.93620414673046,1464519748068,0
animation,,,,,,,,,,,1464519748118,50
attack,,,,,,,,,,,1464519748118,0
attackInfo,,,,,,,-0.6304125503739111,2.286080169183381,,,1464519748118,0
serverInfo,,,,,,,,,251,19.940179461615156,1464519748118,0
animation,,,,,,,,,,,1464519748118,0
attack,,,,,,,,,,,1464519748118,0
attackInfo,,,,,,,0.5877217828468104,7.1586573944393725,,,1464519748118,0
serverInfo,,,,,,,,,251,19.940179461615156,1464519748118,0
animation,,,,,,,,,,,1464519748118,0
attack,,,,,,,,,,,1464519748118,0
attackInfo,,,,,,,0.816692780190393,3.1243200605471,,,1464519748118,0
serverInfo,,,,,,,,,251,19.940179461615156,1464519748118,0
jump,,,,,,,,,,,1464519748120,2
move,-0.37316780136130134,0.0,-1.8839645,11.069031,3,false,,,,,1464519748120,0
serverInfo,,,,,,,,,251,19.932230416583614,1464519748120,0
move,-0.3449965543476239,0.0,1.1876793,-1.0923157,3,false,,,,,1464519748120,0
serverInfo,,,,,,,,,251,19.932230416583614,1464519748120,0
animation,,,,,,,,,,,1464519748168,48
attack,,,,,,,,,,,1464519748168,0
attackInfo,,,,,,,-0.49954128286361604,3.0634650159316905,,,1464519748168,0
serverInfo,,,,,,,,,251,19.93620414673046,1464519748168,0
animation,,,,,,,,,,,1464519748168,0
attack,,,,,,,,,,,1464519748168,0
attackInfo,,,,,,,0.46745464720219687,6.306600676219367,,,1464519748168,0
serverInfo,,,,,,,,,251,19.93620414673046,1464519748168,0
animation,,,,,,,,,,,1464519748168,0
attack,,,,,,,,,,,1464519748168,0
attackInfo,,,,,,,0.7464588588975295,3.3024776106497664,,,1464519748168,0
serverInfo,,,,,,,,,251,19.93620414673046,1464519748168,0
jump,,,,,,,,,,,1464519748216,48
move,-0.3296150516915546,0.0,1.5803528,-2.64859,3,false,,,,,1464519748216,0
serverInfo,,,,,,,,,251,19.948134849391582,1464519748216,0
animation,,,,,,,,,,,1464519748248,32
attack,,,,,,,,,,,1464519748248,0
attackInfo,,,,,,,-0.5261866257280203,3.496960978738337,,,1464519748248,0
serverInfo,,,,,,,,,251,19.821605550049554,1464519748248,0
animation,,,,,,,,,,,1464519748248,0
attack,,,,,,,,,,,1464519748248,0
attackInfo,,,,,,,0.5131840104282464,6.229835151897127,,,1464519748248,0
serverInfo,,,,,,,,,251,19.821605550049554,1464519748248,0
animation,,,,,,,,,,,1464519748248,0
attack,,,,,,,,,,,1464519748248,0
attackInfo,,,,,,,0.7212480270766138,3.7051518656296554,,,1464519748248,0
serverInfo,,,,,,,,,251,19.821605550049554,1464519748248,0
move,-0.36755851134242334,0.0,2.0151253,-3.3263245,3,false,,,,,1464519748263,15
serverInfo,,,,,,,,,251,19.95609658750748,1464519748263,0
animation,,,,,,,,,,,1464519748278,15
attack,,,,,,,,,,,1464519748278,0
attackInfo,,,,,,,-0.5471402340198875,3.8523667801246804,,,1464519748278,0
serverInfo,,,,,,,,,251,19.896538002387587,1464519748278,0
animation,,,,,,,,,,,1464519748278,0
attack,,,,,,,,,,,1464519748278,0
attackInfo,,,,,,,0.5789778280790618,6.213193758272429,,,1464519748278,0
serverInfo,,,,,,,,,251,19.896538002387587,1464519748278,0
animation,,,,,,,,,,,1464519748278,0
attack,,,,,,,,,,,1464519748278,0
attackInfo,,,,,,,0.6631108402121635,4.125119353363885,,,1464519748278,0
serverInfo,,,,,,,,,251,19.896538002387587,1464519748278,0
jump,,,,,,,,,,,1464519748311,33
move,-0.1889017315220336,0.0,6.687792,-3.5452118,3,false,,,,,1464519748311,0
serverInfo,,,,,,,,,251,19.968051118210862,1464519748311,0
animation,,,,,,,,,,,1464519748312,1
attack,,,,,,,,,,,1464519748312,0
attackInfo,,,,,,,-0.5989947052021005,4.0964742651518415,,,1464519748312,0
serverInfo,,,,,,,,,251,19.964064683569575,1464519748312,0
animation,,,,,,,,,,,1464519748312,0
attack,,,,,,,,,,,1464519748312,0
attackInfo,,,,,,,0.6728747951888934,6.287397244462972,,,1464519748312,0
serverInfo,,,,,,,,,251,19.964064683569575,1464519748312,0
animation,,,,,,,,,,,1464519748312,0
attack,,,,,,,,,,,1464519748312,0
attackInfo,,,,,,,0.6071184962822875,4.65130511329951,,,1464519748312,0
serverInfo,,,,,,,,,251,19.964064683569575,1464519748312,0
move,0.11852080796558084,0.0,8.464573,-2.4859924,3,false,,,,,1464519748361,49
serverInfo,,,,,,,,,251,19.964064683569575,1464519748361,0
animation,,,,,,,,,,,1464519748379,18
attack,,,,,,,,,,,1464519748379,0
attackInfo,,,,,,,-0.6573555785906227,4.043882530750992,,,1464519748379,0
serverInfo,,,,,,,,,251,19.89258006763477,1464519748379,0
animation,,,,,,,,,,,1464519748379,0
attack,,,,,,,,,,,1464519748379,0
attackInfo,,,,,,,0.7394547685069224,6.645064270078926,,,1464519748379,0
serverInfo,,,,,,,,,251,19.89258006763477,1464519748379,0
animation,,,,,,,,,,,1464519748379,0
attack,,,,,,,,,,,1464519748379,0
attackInfo,,,,,,,0.5881135727826641,5.074728149441083,,,1464519748379,0
serverInfo,,,,,,,,,251,19.89258006763477,1464519748379,0
jump,,,,,,,,,,,1464519748417,38
move,0.24140672643341787,0.0,6.2042847,-64.18048,3,false,,,,,1464519748417,0
serverInfo,,,,,,,,,251,19.94415636218588,1464519748417,0
animation,,,,,,,,,,,1464519748456,39
attack,,,,,,,,,,,1464519748456,0
attackInfo,,,,,,,-0.8930295069674468,3.796813504439475,,,1464519748456,0
serverInfo,,,,,,,,,251,19.984012789768187,1464519748456,0
animation,,,,,,,,,,,1464519748456,0
attack,,,,,,,,,,,1464519748456,0
attackInfo,,,,,,,0.923153046333676,7.166873040406947,,,1464519748456,0
serverInfo,,,,,,,,,251,19.984012789768187,1464519748456,0
animation,,,,,,,,,,,1464519748456,0
attack,,,,,,,,,,,1464519748456,0
attackInfo,,,,,,,-0.4367897959059609,5.348861337705613,,,1464519748456,0
serverInfo,,,,,,,,,251,19.984012789768187,1464519748456,0
move,0.22584840726604227,0.0,1.8056202,-30.0,3,false,,,,,1464519748469,13
serverInfo,,,,,,,,,251,19.932230416583614,1464519748469,0
animation,,,,,,,,,,,1464519748470,1
attack,,,,,,,,,,,1464519748470,0
attackInfo,,,,,,,-0.5895569692497187,3.455886975651466,,,1464519748470,0
serverInfo,,,,,,,,,251,19.928258270227182,1464519748470,0
animation,,,,,,,,,,,1464519748470,0
attack,,,,,,,,,,,1464519748470,0
attackInfo,,,,,,,0.6236227748762643,7.747843213161196,,,1464519748470,0
serverInfo,,,,,,,,,251,19.928258270227182,1464519748470,0
animation,,,,,,,,,,,1464519748470,0
attack,,,,,,,,,,,1464519748470,0
attackInfo,,,,,,,-0.8040783378270765,5.484147157972536,,,1464519748470,0
serverInfo,,,,,,,,,251,19.928258270227182,1464519748470,0
animation,,,,,,,,,,,1464519748513,43
attack,,,,,,,,,,,1464519748513,0
attackInfo,,,,,,,-0.5806053901880572,3.2822135332538243,,,1464519748513,0
serverInfo,,,,,,,,,251,19.960079840319363,1464519748513,0
animation,,,,,,,,,,,1464519748513,0
attack,,,,,,,,,,,1464519748513,0
attackInfo,,,,,,,0.6342302824136787,8.12382532900172,,,1464519748513,0
serverInfo,,,,,,,,,251,19.960079840319363,1464519748513,0
animation,,,,,,,,,,,1464519748513,0
attack,,,,,,,,,,,1464519748513,0
attackInfo,,,,,,,-0.804008283331751,5.675357048513995,,,1464519748513,0
serverInfo,,,,,,,,,251,19.960079840319363,1464519748513,0
jump,,,,,,,,,,,1464519748513,0
move,0.28765137002895,0.0,1.5611506,-30.0,3,false,,,,,1464519748513,0
serverInfo,,,,,,,,,251,19.960079840319363,1464519748513,0
move,0.32610719749985506,0.0,0.49319363,-30.0,3,false,,,,,1464519748514,1
serverInfo,,,,,,,,,251,19.95609658750748,1464519748514,0
animation,,,,,,,,,,,1464519748560,46
attack,,,,,,,,,,,1464519748560,0
attackInfo,,,,,,,0.5030894706808049,3.229642261552189,,,1464519748560,0
serverInfo,,,,,,,,,250,19.968051118210862,1464519748560,0
animation,,,,,,,,,,,1464519748560,0
attack,,,,,,,,,,,1464519748560,0
attackInfo,,,,,,,-0.3023329003841501,8.241530131563298,,,1464519748560,0
serverInfo,,,,,,,,,250,19.968051118210862,1464519748560,0
animation,,,,,,,,,,,1464519748560,0
attack,,,,,,,,,,,1464519748560,0
attackInfo,,,,,,,-0.922604529169984,5.235795166164445,,,1464519748560,0
serverInfo,,,,,,,,,250,19.968051118210862,1464519748560,0
jump,,,,,,,,,,,1464519748567,7
move,0.3431099446890933,0.0,-1.0568075,-30.0,3,false,,,,,1464519748567,0
serverInfo,,,,,,,,,250,19.940179461615156,1464519748567,0
animation,,,,,,,,,,,1464519748648,81
attack,,,,,,,,,,,1464519748648,0
attackInfo,,,,,,,0.936248808313846,2.986116618045618,,,1464519748648,0
serverInfo,,,,,,,,,250,19.817677368212443,1464519748648,0
animation,,,,,,,,,,,1464519748648,0
attack,,,,,,,,,,,1464519748648,0
attackInfo,,,,,,,-0.6794115527077028,8.765408027464114,,,1464519748648,0
serverInfo,,,,,,,,,250,19.817677368212443,1464519748648,0
animation,,,,,,,,,,,1464519748648,0
attack,,,,,,,,,,,1464519748648,0
attackInfo,,,,,,,-0.6173798426453205,40.68435001821675,,,1464519748648,0
serverInfo,,,,,,,,,250,19.817677368212443,1464519748648,0
move,0.3470155570532185,0.0,-1.9127789,-30.0,3,false,,,,,1464519748669,21
serverInfo,,,,,,,,,250,19.932230416583614,1464519748669,0
animation,,,,,,,,,,,1464519748678,9
attack,,,,,,,,,,,1464519748678,0
attackInfo,,,,,,,0.9731304943474052,3.475530031330729,,,1464519748678,0
serverInfo,,,,,,,,,250,19.896538002387587,1464519748678,0
animation,,,,,,,,,,,1464519748678,0
attack,,,,,,,,,,,1464519748678,0
attackInfo,,,,,,,-0.9329282744446376,8.748681870807694,,,1464519748678,0
serverInfo,,,,,,,,,250,19.896538002387587,1464519748678,0
animation,,,,,,,,,,,1464519748678,0
attack,,,,,,,,,,,1464519748678,0
attackInfo,,,,,,,-0.13916949950072194,40.37244706302991,,,1464519748678,0
serverInfo,,,,,,,,,250,19.896538002387587,1464519748678,0
jump,,,,,,,,,,,1464519748717,39
move,0.4111647844447823,0.0,-1.9628906,2.4042053,3,false,,,,,1464519748717,0
serverInfo,,,,,,,,,250,19.940179461615156,1464519748717,0
animation,,,,,,,,,,,1464519748728,11
attack,,,,,,,,,,,1464519748728,0
attackInfo,,,,,,,0.970489430227163,3.835175678019968,,,1464519748728,0
serverInfo,,,,,,,,,250,19.896538002387587,1464519748728,0
animation,,,,,,,,,,,1464519748728,0
attack,,,,,,,,,,,1464519748728,0
attackInfo,,,,,,,-0.6311084590073436,2.790645749519951,,,1464519748728,0
serverInfo,,,,,,,,,250,19.896538002387587,1464519748728,0
animation,,,,,,,,,,,1464519748728,0
attack,,,,,,,,,,,1464519748728,0
attackInfo,,,,,,,-0.18056845216701922,40.06088528229053,,,1464519748728,0
serverInfo,,,,,,,,,250,19.896538002387587,1464519748728,0
animation,,,,,,,,,,,1464519748753,25
attack,,,,,,,,,,,1464519748753,0
attackInfo,,,,,,,0.970489430227163,3.835175678019968,,,1464519748753,0
serverInfo,,,,,,,,,250,19.99600079984003,1464519748753,0
animation,,,,,,,,,,,1464519748753,0
attack,,,,,,,,,,,1464519748753,0
attackInfo,,,,,,,-0.6311084590073436,2.790645749519951,,,1464519748753,0
serverInfo,,,,,,,,,250,19.99600079984003,1464519748753,0
animation,,,,,,,,,,,1464519748753,0
attack,,,,,,,,,,,1464519748753,0
attackInfo,,,,,,,-0.18056845216701922,40.06088528229053,,,1464519748753,0
serverInfo,,,,,,,,,250,19.99600079984003,1464519748753,0
move,0.4461902666688786,0.0,-1.4758682,5.684143,3,false,,,,,1464519748768,15
serverInfo,,,,,,,,,250,19.93620414673046,1464519748768,0
jump,,,,,,,,,,,1464519748768,0
move,0.4653523813112521,0.0,-1.558651,5.8088074,3,false,,,,,1464519748768,0
serverInfo,,,,,,,,,250,19.93620414673046,1464519748768,0
animation,,,,,,,,,,,1464519748819,51
attack,,,,,,,,,,,1464519748819,0
attackInfo,,,,,,,0.9912952732867807,4.406436569525539,,,1464519748819,0
serverInfo,,,,,,,,,250,19.93620414673046,1464519748819,0
animation,,,,,,,,,,,1464519748819,0
attack,,,,,,,,,,,1464519748819,0
attackInfo,,,,,,,-0.33056215416600887,3.1709372796833724,,,1464519748819,0
serverInfo,,,,,,,,,250,19.93620414673046,1464519748819,0
animation,,,,,,,,,,,1464519748819,0
attack,,,,,,,,,,,1464519748819,0
attackInfo,,,,,,,-0.3754796427898071,39.4369762819491,,,1464519748819,0
serverInfo,,,,,,,,,250,19.93620414673046,1464519748819,0
move,0.4127886849654132,0.0,-1.631588,6.146118,3,false,,,,,1464519748861,42
serverInfo,,,,,,,,,250,19.964064683569575,1464519748861,0
animation,,,,,,,,,,,1464519748899,38
attack,,,,,,,,,,,1464519748899,0
attackInfo,,,,,,,0.9950777748418069,4.337005757868938,,,1464519748899,0
serverInfo,,,,,,,,,250,19.813750743015653,1464519748899,0
animation,,,,,,,,,,,1464519748899,0
attack,,,,,,,,,,,1464519748899,0
attackInfo,,,,,,,-0.4747228529799046,39.22082139862487,,,1464519748899,0
serverInfo,,,,,,,,,250,19.813750743015653,1464519748899,0
jump,,,,,,,,,,,1464519748910,11
move,0.421794973075297,0.0,0.9569397,-24.243454,3,false,,,,,1464519748911,1
serverInfo,,,,,,,,,250,19.964064683569575,1464519748911,0
animation,,,,,,,,,,,1464519748926,15
attack,,,,,,,,,,,1464519748926,0
attackInfo,,,,,,,0.8372202419080387,4.238959923805295,,,1464519748926,0
serverInfo,,,,,,,,,250,19.904458598726116,1464519748926,0
animation,,,,,,,,,,,1464519748926,0
attack,,,,,,,,,,,1464519748926,0
attackInfo,,,,,,,-0.5103456713753692,3.2216312545057493,,,1464519748926,0
serverInfo,,,,,,,,,250,19.904458598726116,1464519748926,0
animation,,,,,,,,,,,1464519748968,42
attack,,,,,,,,,,,1464519748968,0
attackInfo,,,,,,,0.8393881914737658,4.297839425443411,,,1464519748968,0
serverInfo,,,,,,,,,250,19.93620414673046,1464519748968,0
animation,,,,,,,,,,,1464519748968,0
attack,,,,,,,,,,,1464519748968,0
attackInfo,,,,,,,-0.5103456713753692,3.2216312545057493,,,1464519748968,0
serverInfo,,,,,,,,,250,19.93620414673046,1464519748968,0
move,0.4066142869803322,0.0,8.51417,60.0,3,false,,,,,1464519748968,0
serverInfo,,,,,,,,,250,19.93620414673046,1464519748968,0
jump,,,,,,,,,,,1464519748968,0
move,0.2566888704895973,0.0,0.010843277,16.073761,3,false,,,,,1464519748968,0
serverInfo,,,,,,,,,250,19.93620414673046,1464519748968,0
animation,,,,,,,,,,,1464519749004,36
attack,,,,,,,,,,,1464519749004,0
attackInfo,,,,,,,0.7980819740493927,3.933031035116658,,,1464519749004,0
serverInfo,,,,,,,,,250,19.99600079984003,1464519749004,0
animation,,,,,,,,,,,1464519749004,0
attack,,,,,,,,,,,1464519749004,0
attackInfo,,,,,,,0.4995004752966216,4.082978806270991,,,1464519749004,0
serverInfo,,,,,,,,,250,19.99600079984003,1464519749004,0
move,0.17537301217716816,0.0,-2.4728746,3.774887,3,false,,,,,1464519749019,15
serverInfo,,,,,,,,,250,19.93620414673046,1464519749019,0
animation,,,,,,,,,,,1464519749088,69
attack,,,,,,,,,,,1464519749088,0
attackInfo,,,,,,,0.768261703409601,3.7796719095578166,,,1464519749088,0
serverInfo,,,,,,,,,250,19.857029388403497,1464519749088,0
animation,,,,,,,,,,,1464519749088,0
attack,,,,,,,,,,,1464519749088,0
attackInfo,,,,,,,0.546171184859181,4.772409541336352,,,1464519749088,0
serverInfo,,,,,,,,,250,19.857029388403497,1464519749088,0
move,0.45041558006424065,0.0,-2.8298655,2.8641205,3,false,,,,,1464519749116,28
serverInfo,,,,,,,,,250,19.94415636218588,1464519749116,0
animation,,,,,,,,,,,1464519749118,2
attack,,,,,,,,,,,1464519749118,0
attackInfo,,,,,,,0.7842870489782845,3.2849816979530995,,,1464519749118,0
serverInfo,,,,,,,,,250,19.93620414673046,1464519749118,0
animation,,,,,,,,,,,1464519749118,0
attack,,,,,,,,,,,1464519749118,0
attackInfo,,,,,,,0.5665700440925379,5.141621898317531,,,1464519749118,0
serverInfo,,,,,,,,,250,19.93620414673046,1464519749118,0
jump,,,,,,,,,,,1464519749165,47
move,0.5391814299471882,0.0,-2.5047655,3.0041199,3,false,,,,,1464519749165,0
serverInfo,,,,,,,,,250,19.948134849391582,1464519749165,0
animation,,,,,,,,,,,1464519749180,15
attack,,,,,,,,,,,1464519749180,0
attackInfo,,,,,,,0.8351285353315173,3.575973113761727,,,1464519749180,0
serverInfo,,,,,,,,,250,19.88862370723946,1464519749180,0
animation,,,,,,,,,,,1464519749180,0
attack,,,,,,,,,,,1464519749180,0
attackInfo,,,,,,,0.5774170058756967,5.432223402559577,,,1464519749180,0
serverInfo,,,,,,,,,250,19.88862370723946,1464519749180,0
move,0.5835384826548378,0.0,-2.5828075,0.5928345,3,false,,,,,1464519749212,32
serverInfo,,,,,,,,,250,19.960079840319363,1464519749212,0
animation,,,,,,,,,,,1464519749213,1
attack,,,,,,,,,,,1464519749213,0
attackInfo,,,,,,,0.8779790929549663,3.578828596464378,,,1464519749213,0
serverInfo,,,,,,,,,250,19.95609658750748,1464519749213,0
animation,,,,,,,,,,,1464519749213,0
attack,,,,,,,,,,,1464519749213,0
attackInfo,,,,,,,0.5518721920376758,5.649425761062733,,,1464519749213,0
serverInfo,,,,,,,,,250,19.95609658750748,1464519749213,0
animation,,,,,,,,,,,1464519749264,51
attack,,,,,,,,,,,1464519749264,0
attackInfo,,,,,,,0.8905124785277663,3.8954128217391535,,,1464519749264,0
serverInfo,,,,,,,,,250,19.952114924181966,1464519749264,0
animation,,,,,,,,,,,1464519749264,0
attack,,,,,,,,,,,1464519749264,0
attackInfo,,,,,,,0.5518721920376758,5.649425761062733,,,1464519749264,0
serverInfo,,,,,,,,,250,19.952114924181966,1464519749264,0
jump,,,,,,,,,,,1464519749269,5
move,0.6039735247797102,0.0,-2.6781187,0.087631226,3,false,,,,,1464519749269,0
serverInfo,,,,,,,,,250,19.932230416583614,1464519749269,0
move,0.6130132315411911,0.0,0.48209572,2.4166718,3,false,,,,,1464519749269,0
serverInfo,,,,,,,,,250,19.932230416583614,1464519749269,0
animation,,,,,,,,,,,1464519749315,46
attack,,,,,,,,,,,1464519749315,0
attackInfo,,,,,,,0.9317841631092932,3.432559744108171,,,1464519749315,0
serverInfo,,,,,,,,,250,19.952114924181966,1464519749315,0
animation,,,,,,,,,,,1464519749315,0
attack,,,,,,,,,,,1464519749315,0
attackInfo,,,,,,,0.4853632030776125,5.980714141639029,,,1464519749315,0
serverInfo,,,,,,,,,250,19.952114924181966,1464519749315,0
jump,,,,,,,,,,,1464519749318,3
move,0.6179489120062529,0.0,0.023807526,2.6960754,3,false,,,,,1464519749318,0
serverInfo,,,,,,,,,250,19.940179461615156,1464519749318,0
animation,,,,,,,,,,,1464519749396,78
attack,,,,,,,,,,,1464519749396,0
attackInfo,,,,,,,0.9455536520329938,3.2886012648687397,,,1464519749396,0
serverInfo,,,,,,,,,250,19.825535289452816,1464519749396,0
animation,,,,,,,,,,,1464519749396,0
attack,,,,,,,,,,,1464519749396,0
attackInfo,,,,,,,0.4642770525973489,6.026564515621984,,,1464519749396,0
serverInfo,,,,,,,,,250,19.825535289452816,1464519749396,0
move,0.6214285262545642,0.0,-1.0844994,4.7205048,3,false,,,,,1464519749415,19
serverInfo,,,,,,,,,250,19.952114924181966,1464519749415,0
animation,,,,,,,,,,,1464519749419,4
attack,,,,,,,,,,,1464519749419,0
attackInfo,,,,,,,0.9554394676063175,3.107264477807996,,,1464519749419,0
serverInfo,,,,,,,,,250,19.93620414673046,1464519749419,0
animation,,,,,,,,,,,1464519749419,0
attack,,,,,,,,,,,1464519749419,0
attackInfo,,,,,,,0.47465069154598616,6.125067723611705,,,1464519749419,0
serverInfo,,,,,,,,,250,19.93620414673046,1464519749419,0
jump,,,,,,,,,,,1464519749465,46
move,0.6236342272871616,0.0,-0.9695587,8.516617,3,false,,,,,1464519749465,0
serverInfo,,,,,,,,,250,19.948134849391582,1464519749465,0
animation,,,,,,,,,,,1464519749476,11
attack,,,,,,,,,,,1464519749476,0
attackInfo,,,,,,,0.9449831806656193,2.806720790215852,,,1464519749476,0
serverInfo,,,,,,,,,250,19.904458598726116,1464519749476,0
move,0.6248385401908436,0.0,16.689583,-7.7331543,3,false,,,,,1464519749513,37
serverInfo,,,,,,,,,250,19.95609658750748,1464519749513,0
animation,,,,,,,,,,,1464519749517,4
attack,,,,,,,,,,,1464519749517,0
attackInfo,,,,,,,0.9472800692986075,2.6977207999242743,,,1464519749517,0
serverInfo,,,,,,,,,250,19.940179461615156,1464519749517,0
jump,,,,,,,,,,,1464519749569,52
move,0.6253437530911654,0.0,5.1816673,30.0,3,false,,,,,1464519749569,0
serverInfo,,,,,,,,,250,19.932230416583614,1464519749569,0
animation,,,,,,,,,,,1464519749570,1
attack,,,,,,,,,,,1464519749570,0
attackInfo,,,,,,,0.8816386277591068,2.522892438213471,,,1464519749570,0
serverInfo,,,,,,,,,250,19.928258270227182,1464519749570,0
animation,,,,,,,,,,,1464519749621,51
attack,,,,,,,,,,,1464519749621,0
attackInfo,,,,,,,0.8574824861464907,2.8492201039137326,,,1464519749621,0
serverInfo,,,,,,,,,250,19.928258270227182,1464519749621,0
move,0.6216279061084942,0.0,-8.807659,29.169083,3,false,,,,,1464519749621,0
serverInfo,,,,,,,,,250,19.928258270227182,1464519749621,0
jump,,,,,,,,,,,1464519749621,0
move,0.6013913692610195,0.0,-8.1130295,8.313004,3,false,,,,,1464519749621,0
serverInfo,,,,,,,,,250,19.928258270227182,1464519749621,0
animation,,,,,,,,,,,1464519749678,57
attack,,,,,,,,,,,1464519749678,0
attackInfo,,,,,,,0.7497071172438292,2.853052212311199,,,1464519749678,0
serverInfo,,,,,,,,,250,19.896538002387587,1464519749678,0
move,0.5198746722766909,0.0,-6.915554,1.6177368,3,false,,,,,1464519749713,35
serverInfo,,,,,,,,,250,19.960079840319363,1464519749713,0
animation,,,,,,,,,,,1464519749731,18
attack,,,,,,,,,,,1464519749731,0
attackInfo,,,,,,,0.8254734184425876,2.9078515764710557,,,1464519749731,0
serverInfo,,,,,,,,,250,19.88862370723946,1464519749731,0
jump,,,,,,,,,,,1464519749764,33
move,0.39613372372455125,0.0,-5.640522,2.3537292,3,false,,,,,1464519749764,0
serverInfo,,,,,,,,,250,19.952114924181966,1464519749764,0
animation,,,,,,,,,,,1464519749778,14
attack,,,,,,,,,,,1464519749778,0
attackInfo,,,,,,,0.8691634238850823,2.8504253732995624,,,1464519749778,0
serverInfo,,,,,,,,,250,19.896538002387587,1464519749778,0
move,0.1914727040285582,0.0,-1.3978996,6.073227,3,false,,,,,1464519749817,39
serverInfo,,,,,,,,,250,19.940179461615156,1464519749817,0
animation,,,,,,,,,,,1464519749828,11
attack,,,,,,,,,,,1464519749828,0
attackInfo,,,,,,,0.8618801484133174,2.657618260456203,,,1464519749828,0
serverInfo,,,,,,,,,250,19.896538002387587,1464519749828,0
jump,,,,,,,,,,,1464519749872,44
move,0.2287291882513678,0.0,-2.9958706,5.26947,3,false,,,,,1464519749872,0
serverInfo,,,,,,,,,250,19.9203187250996,1464519749872,0
animation,,,,,,,,,,,1464519749880,8
attack,,,,,,,,,,,1464519749880,0
attackInfo,,,,,,,0.8587468604277827,2.4890410789101134,,,1464519749880,0
serverInfo,,,,,,,,,250,19.88862370723946,1464519749880,0
move,0.2180784790587067,0.0,2.7086601,7.2506256,3,false,,,,,1464519749920,40
serverInfo,,,,,,,,,250,19.932230416583614,1464519749920,0
animation,,,,,,,,,,,1464519749921,1
attack,,,,,,,,,,,1464519749921,0
attackInfo,,,,,,,0.8449434131228319,2.324211024191837,,,1464519749921,0
serverInfo,,,,,,,,,250,19.928258270227182,1464519749921,0
jump,,,,,,,,,,,1464519749965,44
move,0.14260367867401946,0.0,2.909464,6.396225,3,false,,,,,1464519749965,0
serverInfo,,,,,,,,,250,19.948134849391582,1464519749965,0
animation,,,,,,,,,,,1464519749976,11
attack,,,,,,,,,,,1464519749976,0
attackInfo,,,,,,,0.8294467030104947,2.150513113648809,,,1464519749976,0
serverInfo,,,,,,,,,250,19.904458598726116,1464519749976,0
move,0.03489256212604985,0.0,1.6111889,5.4557953,3,false,,,,,1464519750017,41
serverInfo,,,,,,,,,250,19.940179461615156,1464519750017,0
animation,,,,,,,,,,,1464519750047,30
attack,,,,,,,,,,,1464519750047,0
attackInfo,,,,,,,0.8488390214645074,1.9732023680371018,,,1464519750047,0
serverInfo,,,,,,,,,250,19.821605550049554,1464519750047,0
move,-0.07702494247022784,0.0,1.0062828,5.17955,3,false,,,,,1464519750064,17
serverInfo,,,,,,,,,250,19.952114924181966,1464519750064,0
animation,,,,,,,,,,,1464519750080,16
attack,,,,,,,,,,,1464519750080,0
attackInfo,,,,,,,0.909110288780805,1.8117622207253608,,,1464519750080,0
serverInfo,,,,,,,,,250,19.88862370723946,1464519750080,0
jump,,,,,,,,,,,1464519750116,36
move,0.019401913641014623,0.0,-2.6985435,4.131424,3,false,,,,,1464519750116,0
serverInfo,,,,,,,,,250,19.948134849391582,1464519750116,0
animation,,,,,,,,,,,1464519750138,22
attack,,,,,,,,,,,1464519750138,0
attackInfo,,,,,,,0.9397609384122156,1.9024240641009247,,,1464519750138,0
serverInfo,,,,,,,,,250,19.860973187686195,1464519750138,0
move,0.06985569197191666,0.0,-1.9382057,4.3776855,3,false,,,,,1464519750169,31
serverInfo,,,,,,,,,250,19.932230416583614,1464519750169,0
animation,,,,,,,,,,,1464519750178,9
attack,,,,,,,,,,,1464519750178,0
attackInfo,,,,,,,0.9654746444657174,2.39121695038966,,,1464519750178,0
serverInfo,,,,,,,,,250,19.896538002387587,1464519750178,0
jump,,,,,,,,,,,1464519750214,36
move,0.09080352523134305,0.0,1.3037186,5.4933777,3,false,,,,,1464519750214,0
serverInfo,,,,,,,,,250,19.95609658750748,1464519750214,0
animation,,,,,,,,,,,1464519750228,14
attack,,,,,,,,,,,1464519750228,0
attackInfo,,,,,,,0.9823247642430488,2.769610614670281,,,1464519750228,0
serverInfo,,,,,,,,,250,19.90049751243781,1464519750228,0
move,0.0995789063687118,0.0,1.4767265,4.867462,3,false,,,,,1464519750267,39
serverInfo,,,,,,,,,250,19.940179461615156,1464519750267,0
animation,,,,,,,,,,,1464519750298,31
attack,,,,,,,,,,,1464519750298,0
attackInfo,,,,,,,0.9883953085461381,3.168035836802734,,,1464519750298,0
serverInfo,,,,,,,,,250,19.817677368212443,1464519750298,0
jump,,,,,,,,,,,1464519750316,18
move,0.10437026502624835,0.0,5.0607843,5.553253,3,false,,,,,1464519750316,0
serverInfo,,,,,,,,,250,19.948134849391582,1464519750316,0
animation,,,,,,,,,,,1464519750329,13
attack,,,,,,,,,,,1464519750329,0
attackInfo,,,,,,,0.9940427308944528,3.5756454330249925,,,1464519750329,0
serverInfo,,,,,,,,,250,19.896538002387587,1464519750329,0
animation,,,,,,,,,,,1464519750360,31
attack,,,,,,,,,,,1464519750360,0
attackInfo,,,,,,,0.9940427308944528,3.5756454330249925,,,1464519750360,0
serverInfo,,,,,,,,,250,19.968051118210862,1464519750360,0
move,0.05000017583370209,0.0,4.565214,4.6708374,3,false,,,,,1464519750365,5
serverInfo,,,,,,,,,250,19.948134849391582,1464519750365,0
move,0.03304927822650772,0.0,4.5641956,2.1358643,3,false,,,,,1464519750365,0
serverInfo,,,,,,,,,250,19.948134849391582,1464519750365,0
animation,,,,,,,,,,,1464519750438,73
attack,,,,,,,,,,,1464519750438,0
attackInfo,,,,,,,0.9793680702355079,4.137844529414895,,,1464519750438,0
serverInfo,,,,,,,,,250,19.860973187686195,1464519750438,0
jump,,,,,,,,,,,1464519750470,32
move,0.05723487018593332,0.0,4.2510176,1.1003418,3,false,,,,,1464519750470,0
serverInfo,,,,,,,,,250,19.928258270227182,1464519750470,0
animation,,,,,,,,,,,1464519750478,8
attack,,,,,,,,,,,1464519750478,0
attackInfo,,,,,,,0.9790880848629433,4.434938467816348,,,1464519750478,0
serverInfo,,,,,,,,,250,19.896538002387587,1464519750478,0
animation,,,,,,,,,,,1464519750508,30
attack,,,,,,,,,,,1464519750508,0
attackInfo,,,,,,,0.9790880848629433,4.434938467816348,,,1464519750508,0
serverInfo,,,,,,,,,250,19.980019980019982,1464519750508,0
move,0.016682122510157882,0.0,1.2468557,5.3596497,3,false,,,,,1464519750518,10
serverInfo,,,,,,,,,250,19.940179461615156,1464519750518,0
jump,,,,,,,,,,,1464519750518,0
move,-0.03473754141096741,0.0,-0.97341824,2.6533203,3,false,,,,,1464519750518,0
serverInfo,,,,,,,,,250,19.940179461615156,1464519750518,0
animation,,,,,,,,,,,1464519750586,68
attack,,,,,,,,,,,1464519750586,0
attackInfo,,,,,,,0.954635506337014,4.8279188796042725,,,1464519750586,0
serverInfo,,,,,,,,,250,19.86491855383393,1464519750586,0
animation,,,,,,,,,,,1464519750616,30
attack,,,,,,,,,,,1464519750616,0
attackInfo,,,,,,,0.9370876329047678,4.703522934698521,,,1464519750616,0
serverInfo,,,,,,,,,250,19.948134849391582,1464519750616,0
move,-0.21162372720700162,0.0,-0.76228714,2.7497253,3,false,,,,,1464519750617,1
serverInfo,,,,,,,,,250,19.94415636218588,1464519750617,0
jump,,,,,,,,,,,1464519750617,0
move,-0.3019219049696904,0.0,-1.3676987,2.8652039,3,false,,,,,1464519750617,0
serverInfo,,,,,,,,,250,19.94415636218588,1464519750617,0
animation,,,,,,,,,,,1464519750675,58
attack,,,,,,,,,,,1464519750675,0
attackInfo,,,,,,,0.9410299141948205,4.778854705060287,,,1464519750675,0
serverInfo,,,,,,,,,250,19.908421262193908,1464519750675,0
move,-0.2740698693054693,0.0,-1.300991,3.0262756,0,false,,,,,1464519750714,39
serverInfo,,,,,,,,,250,19.95609658750748,1464519750714,0
animation,,,,,,,,,,,1464519750718,4
attack,,,,,,,,,,,1464519750718,0
attackInfo,,,,,,,0.9411086977340665,4.752065178072485,,,1464519750718,0
serverInfo,,,,,,,,,250,19.940179461615156,1464519750718,0
jump,,,,,,,,,,,1464519750769,51
move,-0.25673334327703046,0.0,-0.9419403,2.346466,0,false,,,,,1464519750769,0
serverInfo,,,,,,,,,250,19.932230416583614,1464519750769,0
animation,,,,,,,,,,,1464519750788,19
attack,,,,,,,,,,,1464519750788,0
attackInfo,,,,,,,0.9463201901208584,4.6800769140785565,,,1464519750788,0
serverInfo,,,,,,,,,250,19.857029388403497,1464519750788,0
animation,,,,,,,,,,,1464519750788,0
attack,,,,,,,,,,,1464519750788,0
attackInfo,,,,,,,0.8721510540551358,2.9278688032623865,,,1464519750788,0
serverInfo,,,,,,,,,250,19.857029388403497,1464519750788,0
move,-0.23296345652071082,0.0,5.972357,-28.849243,0,false,,,,,1464519750817,29
serverInfo,,,,,,,,,250,19.940179461615156,1464519750817,0
animation,,,,,,,,,,,1464519750819,2
attack,,,,,,,,,,,1464519750819,0
attackInfo,,,,,,,0.9590149980722287,4.563833661466415,,,1464519750819,0
serverInfo,,,,,,,,,250,19.932230416583614,1464519750819,0
animation,,,,,,,,,,,1464519750819,0
attack,,,,,,,,,,,1464519750819,0
attackInfo,,,,,,,0.9721122261798792,2.741614995617874,,,1464519750819,0
serverInfo,,,,,,,,,250,19.932230416583614,1464519750819,0
animation,,,,,,,,,,,1464519750854,35
attack,,,,,,,,,,,1464519750854,0
attackInfo,,,,,,,0.9590149980722287,4.563833661466415,,,1464519750854,0
serverInfo,,,,,,,,,250,19.992003198720514,1464519750854,0
animation,,,,,,,,,,,1464519750854,0
attack,,,,,,,,,,,1464519750854,0
attackInfo,,,,,,,0.9721122261798792,2.741614995617874,,,1464519750854,0
serverInfo,,,,,,,,,250,19.992003198720514,1464519750854,0
jump,,,,,,,,,,,1464519750867,13
animation,,,,,,,,,,,1464519750938,71
attack,,,,,,,,,,,1464519750938,0
attackInfo,,,,,,,0.9651848365791558,4.517922235424534,,,1464519750938,0
serverInfo,,,,,,,,,250,19.857029388403497,1464519750938,0
animation,,,,,,,,,,,1464519750938,0
attack,,,,,,,,,,,1464519750938,0
attackInfo,,,,,,,0.8956249728580252,3.1050308151763715,,,1464519750938,0
serverInfo,,,,,,,,,250,19.857029388403497,1464519750938,0
animation,,,,,,,,,,,1464519750950,12
attack,,,,,,,,,,,1464519750950,0
attackInfo,,,,,,,0.9651848365791558,4.517922235424534,,,1464519750950,0
serverInfo,,,,,,,,,250,19.80982567353407,1464519750950,0
animation,,,,,,,,,,,1464519750950,0
attack,,,,,,,,,,,1464519750950,0
attackInfo,,,,,,,0.8956249728580252,3.1050308151763715,,,1464519750950,0
serverInfo,,,,,,,,,250,19.80982567353407,1464519750950,0
animation,,,,,,,,,,,1464519751016,66
attack,,,,,,,,,,,1464519751016,0
attackInfo,,,,,,,0.9705784492423218,4.395658683306237,,,1464519751016,0
serverInfo,,,,,,,,,250,19.948134849391582,1464519751016,0
animation,,,,,,,,,,,1464519751016,0
attack,,,,,,,,,,,1464519751016,0
attackInfo,,,,,,,0.8978562209699991,3.8581748998665373,,,1464519751016,0
serverInfo,,,,,,,,,250,19.948134849391582,1464519751016,0
animation,,,,,,,,,,,1464519751086,70
attack,,,,,,,,,,,1464519751086,0
attackInfo,,,,,,,0.964806096767912,4.180839217261377,,,1464519751086,0
serverInfo,,,,,,,,,250,19.86491855383393,1464519751086,0
animation,,,,,,,,,,,1464519751086,0
attack,,,,,,,,,,,1464519751086,0
attackInfo,,,,,,,0.8970229814402779,4.1424514762761655,,,1464519751086,0
serverInfo,,,,,,,,,250,19.86491855383393,1464519751086,0
animation,,,,,,,,,,,1464519751108,22
attack,,,,,,,,,,,1464519751108,0
attackInfo,,,,,,,0.964806096767912,4.180839217261377,,,1464519751108,0
serverInfo,,,,,,,,,250,19.980019980019982,1464519751108,0
animation,,,,,,,,,,,1464519751108,0
attack,,,,,,,,,,,1464519751108,0
attackInfo,,,,,,,0.8970229814402779,4.1424514762761655,,,1464519751108,0
serverInfo,,,,,,,,,250,19.980019980019982,1464519751108,0
animation,,,,,,,,,,,1464519751768,660
attack,,,,,,,,,,,1464519751768,0
attackInfo,,,,,,,0.7864934485677827,2.916644614825033,,,1464519751768,0
serverInfo,,,,,,,,,250,19.93620414673046,1464519751768,0
animation,,,,,,,,,,,1464519751810,42
attack,,,,,,,,,,,1464519751810,0
attackInfo,,,,,,,0.7864934485677827,2.916644614825033,,,1464519751810,0
serverInfo,,,,,,,,,250,19.968051118210862,1464519751810,0
animation,,,,,,,,,,,1464519751868,58
attack,,,,,,,,,,,1464519751868,0
attackInfo,,,,,,,0.7955448697058736,2.1458366216064544,,,1464519751868,0
serverInfo,,,,,,,,,250,19.93620414673046,1464519751868,0
move,0.0,4.768367034557741E-9,0.0,258.00153,0,false,,,,,1464519753159,1291
serverInfo,,,,,,,,,250,19.97602876548142,1464519753159,0
move,0.0,-0.07840000152587834,0.0,-30.0,0,false,,,,,1464519753159,0
serverInfo,,,,,,,,,250,19.97602876548142,1464519753159,0
move,0.0,-0.15523200451660557,0.0,-30.0,0,false,,,,,1464519753159,0
serverInfo,,,,,,,,,250,19.97602876548142,1464519753159,0
move,0.0,-0.23052736891295922,0.0,-30.0,0,false,,,,,1464519753159,0
serverInfo,,,,,,,,,250,19.97602876548142,1464519753159,0
move,0.0,-0.30431682745754074,0.0,-30.0,0,false,,,,,1464519753160,1
serverInfo,,,,,,,,,250,19.972039145196725,1464519753160,0
move,0.0,-0.37663049823865435,0.0,-30.0,0,false,,,,,1464519753160,0
serverInfo,,,,,,,,,250,19.972039145196725,1464519753160,0
move,0.0,-0.44749789698342113,0.0,-30.0,0,false,,,,,1464519753160,0
serverInfo,,,,,,,,,250,19.972039145196725,1464519753160,0
move,0.0,-0.5169479491049742,0.0,-30.0,0,false,,,,,1464519753160,0
serverInfo,,,,,,,,,250,19.972039145196725,1464519753160,0
move,0.0,-0.5850090015087517,0.0,-30.0,0,true,,,,,1464519753160,0
serverInfo,,,,,,,,,250,19.972039145196725,1464519753160,0
move,0.021287682931870222,-0.3054384565195818,-39.59267,-23.1808,0,true,,,,,1464519753160,0
serverInfo,,,,,,,,,250,19.972039145196725,1464519753160,0
move,0.15613307303719393,0.0,0.0,0.0,0,true,,,,,1464519753160,0
serverInfo,,,,,,,,,250,19.972039145196725,1464519753160,0
move,0.08524866778016471,0.0,0.0,0.0,0,true,,,,,1464519753160,0
serverInfo,,,,,,,,,250,19.972039145196725,1464519753160,0
move,0.18595733325855834,0.0,0.0,0.0,0,true,,,,,1464519753219,59
serverInfo,,,,,,,,,250,19.93620414673046,1464519753219,0
move,0.1986781429602712,0.0,0.0,0.0,0,true,,,,,1464519753310,91
serverInfo,,,,,,,,,389,19.972039145196725,1464519753310,0
move,0.2468481955945907,0.0,0.0,0.0,0,true,,,,,1464519753359,49
serverInfo,,,,,,,,,389,19.97602876548142,1464519753359,0
move,0.27314904738784196,0.0,0.0,0.0,0,true,,,,,1464519753462,103
serverInfo,,,,,,,,,389,19.964064683569575,1464519753462,0
move,0.2875093141349401,0.0,0.0,0.0,0,true,,,,,1464519753462,0
serverInfo,,,,,,,,,389,19.964064683569575,1464519753462,0
move,0.2953500206895736,0.0,0.0,0.0,0,true,,,,,1464519753518,56
serverInfo,,,,,,,,,389,19.940179461615156,1464519753518,0
move,0.2996310469656569,0.0,0.0,0.0,0,true,,,,,1464519753569,51
serverInfo,,,,,,,,,389,19.93620414673046,1464519753569,0
move,0.3019684875838977,0.0,1.0358543,0.0,0,true,,,,,1464519753618,49
serverInfo,,,,,,,,,389,19.940179461615156,1464519753618,0
move,0.3064414978410316,0.0,5.409462,-1.6113296,0,true,,,,,1464519753668,50
serverInfo,,,,,,,,,389,19.940179461615156,1464519753668,0
move,0.3153324254962546,0.0,10.5887375,-3.452849,0,true,,,,,1464519753760,92
serverInfo,,,,,,,,,389,19.972039145196725,1464519753760,0
move,0.3236056701869544,0.0,11.739687,-1.9566145,0,true,,,,,1464519753811,51
serverInfo,,,,,,,,,389,19.968051118210862,1464519753811,0
move,0.3281228623127601,0.0,0.0,0.0,0,true,,,,,1464519753811,0
serverInfo,,,,,,,,,389,19.968051118210862,1464519753811,0
move,0.3307854437761417,0.0,8.056648,-0.11509514,0,true,,,,,1464519753860,49
serverInfo,,,,,,,,,389,19.972039145196725,1464519753860,0
move,0.33223921342400664,0.0,2.5320895,0.0,0,true,,,,,1464519753917,57
serverInfo,,,,,,,,,389,19.94415636218588,1464519753917,0
move,0.5675332383555145,0.41999998688697815,6.675509,0.805665,0,true,,,,,1464519754017,100
serverInfo,,,,,,,,,389,19.94415636218588,1464519754017,0
jump,,,,,,,,,,,1464519754017,0
move,0.3399239112077983,0.33319999363422426,0.0,0.0,0,false,,,,,1464519754017,0
serverInfo,,,,,,,,,389,19.94415636218588,1464519754017,0
move,0.33821559690311576,0.24813599859093927,12.084972,3.222659,0,false,,,,,1464519754071,54
serverInfo,,,,,,,,,389,19.928258270227182,1464519754071,0
move,0.3363987161544999,0.1647732818260721,2.1868038,0.6905699,0,false,,,,,1464519754071,0
serverInfo,,,,,,,,,389,19.928258270227182,1464519754071,0
move,0.3342103961866625,0.08307781780646906,2.5320892,1.3811398,0,false,,,,,1464519754124,53
serverInfo,,,,,,,,,389,19.9203187250996,1464519754124,0
move,0.33162095614381504,0.0,1.9566154,1.4962349,0,false,,,,,1464519754266,142
serverInfo,,,,,,,,,389,19.948134849391582,1464519754266,0
move,0.32926456563691264,-0.07840000152587834,0.0,0.0,0,false,,,,,1464519754266,0
serverInfo,,,,,,,,,389,19.948134849391582,1464519754266,0
move,0.32712025021383306,-0.15523200451660557,0.0,0.0,0,false,,,,,1464519754322,56
serverInfo,,,,,,,,,389,19.924287706714484,1464519754322,0
move,0.3250277183221373,-0.23052736891295922,0.11509514,0.34528494,0,false,,,,,1464519754323,1
serverInfo,,,,,,,,,389,19.9203187250996,1464519754323,0
move,0.3227421061029574,-0.30431682745754074,0.46038055,0.9207597,0,false,,,,,1464519754455,132
serverInfo,,,,,,,,,389,19.794140934283455,1464519754455,0
move,0.3204202587809748,-0.37663049823865435,0.11509514,0.575475,0,false,,,,,1464519754455,0
serverInfo,,,,,,,,,389,19.794140934283455,1464519754455,0
move,0.3181143155350967,-0.1040803780930446,0.11509514,0.46037984,0,false,,,,,1464519754513,58
serverInfo,,,,,,,,,389,19.960079840319363,1464519754513,0
move,0.6303998462622804,0.41999998688697815,0.0,0.0,0,true,,,,,1464519754513,0
serverInfo,,,,,,,,,389,19.960079840319363,1464519754513,0
jump,,,,,,,,,,,1464519754513,0
move,0.37073022767980435,0.33319999363422426,0.0,0.0,0,false,,,,,1464519754627,114
serverInfo,,,,,,,,,389,19.904458598726116,1464519754627,0
move,0.3638471453369925,0.24813599859093927,0.0,0.1150949,0,false,,,,,1464519754668,41
serverInfo,,,,,,,,,389,19.940179461615156,1464519754668,0
move,0.3574849392408965,0.1647732818260721,0.0,0.23019004,0,false,,,,,1464519754720,52
serverInfo,,,,,,,,,389,19.932230416583614,1464519754720,0
move,0.220538405556159,0.08307781780646906,0.0,0.11509502,0,false,,,,,1464519754764,44
serverInfo,,,,,,,,,357,19.95609658750748,1464519754764,0
move,0.0410467833494621,-0.07840000152587834,0.23019028,1.3811398,0,false,,,,,1464519754870,106
serverInfo,,,,,,,,,357,19.932230416583614,1464519754870,0
move,0.017536104768670402,-0.15523200451660557,0.0,1.6113296,0,false,,,,,1464519754924,54
serverInfo,,,,,,,,,357,19.916351324437365,1464519754924,0
move,0.035080565348657444,0.4844449272978011,0.0,0.34528494,0,false,,,,,1464519754968,44
serverInfo,,,,,,,,,357,19.940179461615156,1464519754968,0
move,0.15595806007468083,0.0,0.0,0.11509502,0,true,,,,,1464519754968,0
serverInfo,,,,,,,,,357,19.940179461615156,1464519754968,0
move,0.2091878553789117,0.0,0.0,0.0,0,true,,,,,1464519755021,53
serverInfo,,,,,,,,,357,19.928258270227182,1464519755021,0
move,0.24374751755850355,0.0,0.0,0.11509502,0,true,,,,,1464519755068,47
serverInfo,,,,,,,,,357,19.940179461615156,1464519755068,0
move,0.26255775490540323,0.0,0.0,0.23019004,0,true,,,,,1464519755170,102
serverInfo,,,,,,,,,357,19.932230416583614,1464519755170,0
move,0.27254817404833354,0.0,0.0,0.0,0,true,,,,,1464519755221,51
serverInfo,,,,,,,,,357,19.928258270227182,1464519755221,0
move,0.2780029435339575,0.0,0.0,0.0,0,true,,,,,1464519755222,1
serverInfo,,,,,,,,,357,19.924287706714484,1464519755222,0
move,0.2809812480190459,0.0,0.0,0.0,0,true,,,,,1464519755312,90
serverInfo,,,,,,,,,357,19.964064683569575,1464519755312,0
move,0.2826074024567866,0.0,0.0,0.0,0,true,,,,,1464519755362,50
serverInfo,,,,,,,,,357,19.964064683569575,1464519755362,0
move,0.28349528288292447,0.0,0.0,0.0,0,true,,,,,1464519755417,55
serverInfo,,,,,,,,,357,19.94415636218588,1464519755417,0
move,0.28398006565190315,0.0,0.0,0.0,0,true,,,,,1464519755417,0
serverInfo,,,,,,,,,357,19.94415636218588,1464519755417,0
move,0.490564054272717,0.41999998688697815,0.0,0.0,0,true,,,,,1464519755471,54
serverInfo,,,,,,,,,357,19.928258270227182,1464519755471,0
jump,,,,,,,,,,,1464519755471,0
move,0.2941330810252083,0.33319999363422426,0.0,0.0,0,false,,,,,1464519755521,50
serverInfo,,,,,,,,,357,19.928258270227182,1464519755521,0
move,0.2939461877279421,0.24813599859093927,0.0,0.0,0,false,,,,,1464519755619,98
serverInfo,,,,,,,,,357,19.93620414673046,1464519755619,0
move,0.2937761148225291,0.1647732818260721,0.0,0.0,0,false,,,,,1464519755619,0
serverInfo,,,,,,,,,357,19.93620414673046,1464519755619,0
move,0.2936213484741428,0.08307781780646906,0.0,0.0,0,false,,,,,1464519755717,98
serverInfo,,,,,,,,,357,19.94415636218588,1464519755717,0
move,0.29348051109305207,0.0,0.0,0.0,0,false,,,,,1464519755717,0
serverInfo,,,,,,,,,357,19.94415636218588,1464519755717,0
move,0.2933523490725656,-0.07840000152587834,0.0,0.0,0,false,,,,,1464519755821,104
serverInfo,,,,,,,,,357,19.928258270227182,1464519755821,0
move,0.29323572163056166,-0.15523200451660557,0.0,0.0,0,false,,,,,1464519755870,49
serverInfo,,,,,,,,,357,19.932230416583614,1464519755870,0
move,0.2931295906552793,-0.23052736891295922,0.0,0.0,0,false,,,,,1464519755870,0
serverInfo,,,,,,,,,357,19.932230416583614,1464519755870,0
move,0.29303301146499017,-0.30431682745754074,0.0,0.0,0,false,,,,,1464519755969,99
serverInfo,,,,,,,,,357,19.93620414673046,1464519755969,0
move,0.2929451243992931,-0.37663049823865435,0.0,0.0,0,false,,,,,1464519755969,0
serverInfo,,,,,,,,,357,19.93620414673046,1464519755969,0
move,0.2928651471672037,-0.44749789698342113,0.0,0.0,0,false,,,,,1464519756066,97
serverInfo,,,,,,,,,357,19.948134849391582,1464519756066,0
move,0.29279236788390683,-0.5169479491049742,0.0,0.0,0,false,,,,,1464519756123,57
serverInfo,,,,,,,,,357,19.9203187250996,1464519756123,0
move,0.2927261387341962,-0.5850090015087517,0.0,0.0,0,true,,,,,1464519756170,47
serverInfo,,,,,,,,,357,19.932230416583614,1464519756170,0
move,0.29266587020622126,-0.05462553049589758,0.0,0.0,0,true,,,,,1464519756170,0
serverInfo,,,,,,,,,357,19.932230416583614,1464519756170,0
move,0.6040706074446898,0.41999998688697815,0.0,0.0,0,true,,,,,1464519756270,100
serverInfo,,,,,,,,,357,19.932230416583614,1464519756270,0
jump,,,,,,,,,,,1464519756270,0
move,0.3561076662556153,0.33319999363422426,0.0,0.0,0,false,,,,,1464519756270,0
serverInfo,,,,,,,,,357,19.932230416583614,1464519756270,0
move,0.3503430619129624,0.24813599859093927,0.0,0.0,0,false,,,,,1464519756362,92
serverInfo,,,,,,,,,357,19.964064683569575,1464519756362,0
move,0.34509727180996475,0.1647732818260721,0.0,0.0,0,false,,,,,1464519756414,52
serverInfo,,,,,,,,,357,19.95609658750748,1464519756414,0
move,0.34032360267865736,0.08307781780646906,0.0,0.0,0,false,,,,,1464519756462,48
serverInfo,,,,,,,,,357,19.964064683569575,1464519756462,0
move,0.33597956364397685,0.0,0.0,0.0,0,false,,,,,1464519756512,50
serverInfo,,,,,,,,,357,19.964064683569575,1464519756512,0
move,0.3320264880084909,-0.07840000152587834,0.0,0.0,0,false,,,,,1464519756512,0
serverInfo,,,,,,,,,357,19.964064683569575,1464519756512,0
move,0.3285282277817516,-0.15523200451660557,-1.0358543,0.23018992,0,false,,,,,1464519756562,50
serverInfo,,,,,,,,,357,19.964064683569575,1464519756562,0
move,0.3253941719696596,-0.23052736891295922,-1.7264252,0.1150949,0,false,,,,,1464519756712,150
serverInfo,,,,,,,,,357,19.964064683569575,1464519756712,0
move,0.3225914321719676,-0.30431682745754074,-0.34528542,0.1150949,0,false,,,,,1464519756712,0
serverInfo,,,,,,,,,357,19.964064683569575,1464519756712,0
move,0.32009008337784284,-0.37663049823865435,-0.11509514,0.1150949,0,false,,,,,1464519756762,50
serverInfo,,,,,,,,,329,19.964064683569575,1464519756762,0
move,0.3193698044278044,-0.1040803780930446,-17.494436,3.798134,0,false,,,,,1464519756815,53
serverInfo,,,,,,,,,329,19.952114924181966,1464519756815,0
move,0.652118413578695,0.41999998688697815,-1.3811398,0.11509514,0,true,,,,,1464519756917,102
serverInfo,,,,,,,,,329,19.94415636218588,1464519756917,0
jump,,,,,,,,,,,1464519756917,0
move,0.3841899056641416,0.33319999363422426,-4.373609,0.0,0,false,,,,,1464519756917,0
serverInfo,,,,,,,,,329,19.94415636218588,1464519756917,0
move,0.3777460347234012,0.24813599859093927,-0.11509499,0.0,0,false,,,,,1464519756917,0
serverInfo,,,,,,,,,329,19.94415636218588,1464519756917,0
move,0.37188211199832955,0.1647732818260721,0.0,0.0,0,false,,,,,1464519756962,45
serverInfo,,,,,,,,,329,19.964064683569575,1464519756962,0
move,0.366545942164727,0.08307781780646906,0.0,0.0,0,false,,,,,1464519757062,100
serverInfo,,,,,,,,,329,19.964064683569575,1464519757062,0
move,0.36169002747620516,0.0,0.0,0.0,0,false,,,,,1464519757062,0
serverInfo,,,,,,,,,329,19.964064683569575,1464519757062,0
move,0.3572257546483164,-0.07840000152587834,0.0,-0.11509514,0,false,,,,,1464519757166,104
serverInfo,,,,,,,,,329,19.948134849391582,1464519757166,0
move,0.35311776206969214,-0.15523200451660557,0.0,-0.11509514,0,false,,,,,1464519757166,0
serverInfo,,,,,,,,,329,19.948134849391582,1464519757166,0
move,0.34937948871540936,-0.23052736891295922,0.0,0.0,0,false,,,,,1464519757267,101
serverInfo,,,,,,,,,329,19.94415636218588,1464519757267,0
move,0.3459776598649691,-0.30431682745754074,0.0,0.0,0,false,,,,,1464519757267,0
serverInfo,,,,,,,,,329,19.94415636218588,1464519757267,0
move,0.34288199552185294,-0.37663049823865435,0.0,0.0,0,false,,,,,1464519757371,104
serverInfo,,,,,,,,,329,19.928258270227182,1464519757371,0
move,0.3400649408884304,-0.1040803780930446,0.0,0.0,0,false,,,,,1464519757411,40
serverInfo,,,,,,,,,329,19.968051118210862,1464519757411,0
move,0.44714178237366076,0.0,-0.11509496,-1.2660446,0,true,,,,,1464519757411,0
serverInfo,,,,,,,,,329,19.968051118210862,1464519757411,0
move,0.37921486260599857,0.0,-0.23018992,-1.2660446,0,true,,,,,1464519757518,107
serverInfo,,,,,,,,,329,19.940179461615156,1464519757518,0
move,0.34212676010497467,0.0,0.0,0.0,0,true,,,,,1464519757518,0
serverInfo,,,,,,,,,329,19.940179461615156,1464519757518,0
move,0.32187665378731345,0.0,0.0,0.0,0,true,,,,,1464519757614,96
serverInfo,,,,,,,,,329,19.95609658750748,1464519757614,0
move,0.5228694455274214,0.41999998688697815,0.0,0.0,0,true,,,,,1464519757662,48
serverInfo,,,,,,,,,329,19.964064683569575,1464519757662,0
jump,,,,,,,,,,,1464519757662,0
move,0.31250183703067413,0.33319999363422426,0.0,0.0,0,false,,,,,1464519757713,51
serverInfo,,,,,,,,,329,19.960079840319363,1464519757713,0
move,0.3113917665062619,0.24813599859093927,0.0,0.0,0,false,,,,,1464519757817,104
serverInfo,,,,,,,,,329,19.948134849391582,1464519757817,0
move,0.3103816022999374,0.1647732818260721,0.0,0.0,0,false,,,,,1464519757817,0
serverInfo,,,,,,,,,329,19.948134849391582,1464519757817,0
move,0.309462352845689,0.08307781780646906,0.0,0.0,0,false,,,,,1464519757818,1
serverInfo,,,,,,,,,329,19.94415636218588,1464519757818,0
move,0.307895825486607,0.0,-2.3018994,-1.7264247,0,false,,,,,1464519757872,54
serverInfo,,,,,,,,,329,19.924287706714484,1464519757872,0
move,0.304463406239565,-0.07840000152587834,-4.373609,-4.4887037,0,false,,,,,1464519757920,48
serverInfo,,,,,,,,,329,19.932230416583614,1464519757920,0
move,0.2990094724544239,-0.15523200451660557,-4.6037993,-4.833989,0,false,,,,,1464519757971,51
serverInfo,,,,,,,,,329,19.928258270227182,1464519757971,0
move,0.2888176281018069,-0.23052736891295922,-7.826459,-7.941553,0,false,,,,,1464519758019,48
serverInfo,,,,,,,,,329,19.948134849391582,1464519758019,0
move,0.2981278271622647,-0.30431682745754074,-4.1434193,-0.80566406,0,false,,,,,1464519758122,103
serverInfo,,,,,,,,,329,19.924287706714484,1464519758122,0
move,0.3018936294081016,-0.37663049823865435,-1.61133,3.107564,0,false,,,,,1464519758122,0
serverInfo,,,,,,,,,329,19.924287706714484,1464519758122,0
move,0.3048934753327093,-0.1040803780930446,-0.9207592,1.2660446,0,false,,,,,1464519758170,48
serverInfo,,,,,,,,,329,19.932230416583614,1464519758170,0
move,0.665119662923358,0.41999998688697815,0.0,0.0,0,true,,,,,1464519758219,49
serverInfo,,,,,,,,,329,19.93620414673046,1464519758219,0
jump,,,,,,,,,,,1464519758219,0
move,0.3933256427914673,0.33319999363422426,0.0,0.0,0,false,,,,,1464519758271,52
serverInfo,,,,,,,,,329,19.928258270227182,1464519758271,0
move,0.3868544845026116,0.24813599859093927,0.0,3.4528494,0,false,,,,,1464519758319,48
serverInfo,,,,,,,,,329,19.93620414673046,1464519758319,0
move,0.3794801213062535,0.1647732818260721,0.0,3.7981343,0,false,,,,,1464519758368,49
serverInfo,,,,,,,,,329,19.940179461615156,1464519758368,0
move,0.34532692034095147,0.08307781780646906,0.0,0.0,0,false,,,,,1464519758472,104
serverInfo,,,,,,,,,329,19.924287706714484,1464519758472,0
move,0.3142475065668231,0.0,0.0,0.0,0,false,,,,,1464519758472,0
serverInfo,,,,,,,,,329,19.924287706714484,1464519758472,0
animation,,,,,,,,,,,1464519758500,28
move,0.2859652392172811,-0.07840000152587834,0.0,0.0,0,false,,,,,1464519758521,21
serverInfo,,,,,,,,,329,19.932230416583614,1464519758521,0
move,0.26022837518746433,-0.15523200451660557,0.0,0.0,3,false,,,,,1464519758621,100
serverInfo,,,,,,,,,329,19.932230416583614,1464519758621,0
move,0.23680782824535207,-0.23052736891295922,0.46038055,1.2660446,3,false,,,,,1464519758621,0
serverInfo,,,,,,,,,329,19.932230416583614,1464519758621,0
move,0.21549512991379904,-0.30431682745754074,0.0,0.0,3,false,,,,,1464519758715,94
serverInfo,,,,,,,,,329,19.95609658750748,1464519758715,0
move,0.19610057387314317,-0.37663049823865435,0.0,0.0,3,false,,,,,1464519758764,49
serverInfo,,,,,,,,,329,19.95609658750748,1464519758764,0
move,0.17845152736750514,-0.1040803780930446,-4.1434193,-0.23019004,3,false,,,,,1464519758764,0
serverInfo,,,,,,,,,329,19.95609658750748,1464519758764,0
move,0.16239089458450806,0.0,-10.473642,1.0358548,3,true,,,,,1464519758870,106
serverInfo,,,,,,,,,316,19.932230416583614,1464519758870,0
move,0.08866543874186616,0.0,-0.5754738,0.1150949,3,true,,,,,1464519758870,0
serverInfo,,,,,,,,,316,19.932230416583614,1464519758870,0
move,0.25907323218483835,0.0,22.673708,-5.0641794,3,true,,,,,1464519759069,199
serverInfo,,,,,,,,,316,19.93620414673046,1464519759069,0
move,0.33757101663525324,0.0,11.509498,-2.0717096,3,true,,,,,1464519759069,0
serverInfo,,,,,,,,,316,19.93620414673046,1464519759069,0
move,0.4191519059548361,0.0,8.632123,0.0,3,true,,,,,1464519759170,101
serverInfo,,,,,,,,,316,19.932230416583614,1464519759170,0
move,0.462681097381374,0.0,3.3377542,0.34528446,3,true,,,,,1464519759170,0
serverInfo,,,,,,,,,316,19.932230416583614,1464519759170,0
move,0.48404900572535414,0.0,2.3018994,0.805665,3,true,,,,,1464519759217,47
serverInfo,,,,,,,,,316,19.94415636218588,1464519759217,0
move,0.4897164633354738,0.0,3.1075644,1.9566145,3,true,,,,,1464519759270,53
serverInfo,,,,,,,,,316,19.932230416583614,1464519759270,0
move,0.49244872655250216,0.0,0.11509514,0.11509514,3,true,,,,,1464519759372,102
serverInfo,,,,,,,,,316,19.924287706714484,1464519759372,0
move,0.4939405424422709,0.0,0.0,0.0,3,true,,,,,1464519759372,0
serverInfo,,,,,,,,,316,19.924287706714484,1464519759372,0
move,0.49475507401269914,0.0,0.0,0.0,3,true,,,,,1464519759466,94
serverInfo,,,,,,,,,316,19.960079840319363,1464519759466,0
move,0.4951998083018063,0.0,0.0,0.0,3,true,,,,,1464519759466,0
serverInfo,,,,,,,,,316,19.960079840319363,1464519759466,0
move,0.49544263325186844,0.0,0.0,0.0,3,true,,,,,1464519759567,101
serverInfo,,,,,,,,,316,19.95609658750748,1464519759567,0
move,0.49557521568999885,0.0,0.0,0.0,3,true,,,,,1464519759620,53
serverInfo,,,,,,,,,316,19.948134849391582,1464519759620,0
move,0.4956476057096282,0.0,0.0,0.0,3,true,,,,,1464519759620,0
serverInfo,,,,,,,,,316,19.948134849391582,1464519759620,0
move,0.4956871306649391,0.0,0.0,0.0,3,true,,,,,1464519759671,51
serverInfo,,,,,,,,,316,19.94415636218588,1464519759671,0
move,0.49570871129303784,0.0,0.0,0.0,3,true,,,,,1464519759721,50
serverInfo,,,,,,,,,316,19.94415636218588,1464519759721,0
move,0.49572049431735676,0.0,0.0,0.0,3,true,,,,,1464519759771,50
serverInfo,,,,,,,,,316,19.940179461615156,1464519759771,0
move,0.495726927849375,0.0,0.0,0.0,3,true,,,,,1464519759818,47
serverInfo,,,,,,,,,316,19.95609658750748,1464519759818,0
move,0.49573044055826987,0.0,0.0,0.0,3,true,,,,,1464519759867,49
serverInfo,,,,,,,,,316,19.95609658750748,1464519759867,0
move,0.49573235849754527,0.0,0.0,0.0,3,true,,,,,1464519759966,99
serverInfo,,,,,,,,,316,19.964064683569575,1464519759966,0
move,0.49573340569251156,0.0,0.0,0.0,3,true,,,,,1464519759966,0
serverInfo,,,,,,,,,316,19.964064683569575,1464519759966,0
move,0.49573397746103165,0.0,0.0,0.0,3,true,,,,,1464519760022,56
serverInfo,,,,,,,,,316,19.940179461615156,1464519760022,0
move,0.49058666116052496,0.0,-1.61133,1.6113296,3,true,,,,,1464519760122,100
serverInfo,,,,,,,,,316,19.940179461615156,1464519760122,0
move,0.4824366325074467,0.0,-2.3018994,1.6113298,3,true,,,,,1464519760122,0
serverInfo,,,,,,,,,316,19.940179461615156,1464519760122,0
move,0.47759874039992845,0.0,-0.34528542,0.1150949,3,true,,,,,1464519760169,47
serverInfo,,,,,,,,,316,19.948134849391582,1464519760169,0
move,0.4791768649717332,0.0,-1.3811398,-1.2660446,3,true,,,,,1464519760217,48
serverInfo,,,,,,,,,316,19.960079840319363,1464519760217,0
move,0.48596702350612686,0.0,-0.4603796,-1.8415194,3,true,,,,,1464519760323,106
serverInfo,,,,,,,,,316,19.932230416583614,1464519760323,0
move,0.49537157420287237,0.0,-0.46037984,-1.8415198,3,true,,,,,1464519760323,0
serverInfo,,,,,,,,,316,19.932230416583614,1464519760323,0
move,0.5042970410785999,0.0,-0.3452847,-1.2660441,3,true,,,,,1464519760370,47
serverInfo,,,,,,,,,316,19.94415636218588,1464519760370,0
move,0.5128306044645208,0.0,-0.6905699,-1.2660446,3,true,,,,,1464519760418,48
serverInfo,,,,,,,,,316,19.95609658750748,1464519760418,0
move,0.5266050938512836,0.0,-1.0358547,-3.3377533,3,true,,,,,1464519760516,98
serverInfo,,,,,,,,,316,19.964064683569575,1464519760516,0
move,0.5463409804771282,0.0,-0.8056648,-5.0641794,3,true,,,,,1464519760571,55
serverInfo,,,,,,,,,316,19.94415636218588,1464519760571,0
move,0.5697251326003383,0.0,-0.46037984,-6.445318,3,true,,,,,1464519760571,0
serverInfo,,,,,,,,,316,19.94415636218588,1464519760571,0
move,0.5919355905289647,0.0,-0.9207598,-6.6755104,3,true,,,,,1464519760670,99
serverInfo,,,,,,,,,316,19.94415636218588,1464519760670,0
move,0.6076517595644879,0.0,-0.23018992,-3.6830406,3,true,,,,,1464519760670,0
serverInfo,,,,,,,,,316,19.94415636218588,1464519760670,0
move,0.6175089242992313,0.0,0.0,-1.7264252,3,true,,,,,1464519760767,97
serverInfo,,,,,,,,,316,19.95609658750748,1464519760767,0
move,0.6239081422866972,0.0,0.11509496,-1.7264252,3,true,,,,,1464519760767,0
serverInfo,,,,,,,,,316,19.95609658750748,1464519760767,0
move,0.6283546277395171,0.0,0.34528494,-2.301899,3,true,,,,,1464519760872,105
serverInfo,,,,,,,,,298,19.93620414673046,1464519760872,0
move,0.5572288320132825,0.0,0.115094975,-1.8415222,3,true,,,,,1464519760873,1
serverInfo,,,,,,,,,298,19.932230416583614,1464519760873,0
move,0.5147246873885436,0.0,0.0,-1.0358543,3,true,,,,,1464519760922,49
serverInfo,,,,,,,,,298,19.93620414673046,1464519760922,0
move,0.4915174217278473,0.0,0.0,0.0,3,true,,,,,1464519760969,47
serverInfo,,,,,,,,,298,19.948134849391582,1464519760969,0
move,0.47884625320532237,0.0,0.0,0.0,3,true,,,,,1464519761019,50
serverInfo,,,,,,,,,298,19.952114924181966,1464519761019,0
move,0.47398574160683715,0.0,0.0,0.5754738,3,true,,,,,1464519761067,48
serverInfo,,,,,,,,,298,19.960079840319363,1464519761067,0
move,0.47814776015110994,0.0,0.0,1.9566154,3,true,,,,,1464519761123,56
serverInfo,,,,,,,,,298,19.93620414673046,1464519761123,0
move,0.5066955145791523,0.0,0.115094975,8.401936,3,true,,,,,1464519761224,101
serverInfo,,,,,,,,,298,19.932230416583614,1464519761224,0
move,0.5367271203175701,0.0,-1.0358547,5.524559,3,true,,,,,1464519761224,0
serverInfo,,,,,,,,,298,19.932230416583614,1464519761224,0
move,0.5562849897503419,0.0,-1.6113296,6.905699,3,true,,,,,1464519761271,47
serverInfo,,,,,,,,,298,19.940179461615156,1464519761271,0
move,0.558324110507634,0.0,-1.9566145,3.913227,3,true,,,,,1464519761321,50
serverInfo,,,,,,,,,298,19.94415636218588,1464519761321,0
move,0.5586293917747653,0.0,-0.11509514,0.34528542,3,true,,,,,1464519761368,47
serverInfo,,,,,,,,,298,19.952114924181966,1464519761368,0
move,0.5587960753659758,0.0,0.0,0.0,3,true,,,,,1464519761472,104
serverInfo,,,,,,,,,298,19.93620414673046,1464519761472,0
move,0.5588870846173535,0.0,0.0,0.0,3,true,,,,,1464519761472,0
serverInfo,,,,,,,,,298,19.93620414673046,1464519761472,0
move,0.5589367756743684,0.0,0.0,0.0,3,true,,,,,1464519761522,50
serverInfo,,,,,,,,,298,19.940179461615156,1464519761522,0
move,0.5589639069946521,0.0,0.0,0.0,3,true,,,,,1464519761621,99
serverInfo,,,,,,,,,298,19.94415636218588,1464519761621,0
move,0.5589787206972545,0.0,0.0,0.0,3,true,,,,,1464519761621,0
serverInfo,,,,,,,,,298,19.94415636218588,1464519761621,0
move,0.5589868089798102,0.0,0.0,0.0,3,false,,,,,1464519761669,48
serverInfo,,,,,,,,,298,19.948134849391582,1464519761669,0
move,0.558991225182595,0.0,0.0,0.0,3,false,,,,,1464519761719,50
serverInfo,,,,,,,,,298,19.952114924181966,1464519761719,0
move,0.5589936364296015,0.0,0.0,0.0,3,false,,,,,1464519761821,102
serverInfo,,,,,,,,,298,19.94415636218588,1464519761821,0
move,0.5598030317662932,0.0,0.11509514,-0.34528542,3,false,,,,,1464519761822,1
serverInfo,,,,,,,,,298,19.940179461615156,1464519761822,0
move,0.560787270806653,0.0,0.0,-0.23019028,3,false,,,,,1464519761871,49
serverInfo,,,,,,,,,298,19.940179461615156,1464519761871,0
move,0.5615942609187208,0.0,0.0,-0.11509514,3,false,,,,,1464519761919,48
serverInfo,,,,,,,,,298,19.952114924181966,1464519761919,0
move,0.5664587939109573,0.0,0.11509514,-1.9566174,3,false,,,,,1464519761968,49
serverInfo,,,,,,,,,298,19.952114924181966,1464519761968,0
move,0.5739184644132251,0.0,0.2301898,-2.301897,3,false,,,,,1464519762070,102
serverInfo,,,,,,,,,298,19.94415636218588,1464519762070,0
move,0.5806650113219476,0.0,0.0,-1.3811417,3,false,,,,,1464519762071,1
serverInfo,,,,,,,,,298,19.940179461615156,1464519762071,0
move,0.5843486263619724,0.0,0.0,0.0,3,false,,,,,1464519762170,99
serverInfo,,,,,,,,,298,19.94415636218588,1464519762170,0
move,0.5793713550168178,0.0,0.575475,3.4528484,3,false,,,,,1464519762220,50
serverInfo,,,,,,,,,298,19.948134849391582,1464519762220,0
move,0.5641304896779751,0.0,1.1509497,5.2943687,3,false,,,,,1464519762270,50
serverInfo,,,,,,,,,298,19.94415636218588,1464519762270,0
move,0.5558089762364027,0.0,0.0,0.0,3,false,,,,,1464519762271,1
serverInfo,,,,,,,,,298,19.940179461615156,1464519762271,0
move,0.5399649288872403,0.0,1.6113298,4.1434183,3,false,,,,,1464519762370,99
serverInfo,,,,,,,,,298,19.94415636218588,1464519762370,0
move,0.5202465609280154,0.0,0.9207598,3.6830387,3,false,,,,,1464519762422,52
serverInfo,,,,,,,,,298,19.940179461615156,1464519762422,0
move,0.2279351968318224,0.0,0.34528494,-0.805665,3,false,,,,,1464519762472,50
serverInfo,,,,,,,,,298,19.93620414673046,1464519762472,0
move,0.15311915544371502,0.0,2.0717096,-0.46038008,3,false,,,,,1464519762472,0
serverInfo,,,,,,,,,298,19.93620414673046,1464519762472,0
move,0.36403886401496877,0.0,0.8056648,1.4962349,3,false,,,,,1464519762569,97
serverInfo,,,,,,,,,298,19.952114924181966,1464519762569,0
move,0.42273677363437656,0.0,0.23019004,0.2301898,3,false,,,,,1464519762618,49
serverInfo,,,,,,,,,298,19.95609658750748,1464519762618,0
move,0.45368568141556764,0.0,0.2301898,0.34528494,3,false,,,,,1464519762671,53
serverInfo,,,,,,,,,298,19.940179461615156,1464519762671,0
move,0.4653610408558002,0.0,2.877375,1.6113296,3,false,,,,,1464519762671,0
serverInfo,,,,,,,,,298,19.940179461615156,1464519762671,0
move,0.2540871578201589,0.0,0.34528494,0.34528494,3,false,,,,,1464519762724,53
serverInfo,,,,,,,,,298,19.932230416583614,1464519762724,0
move,0.1387316042838478,0.0,0.46038008,0.0,3,false,,,,,1464519762770,46
serverInfo,,,,,,,,,298,19.94415636218588,1464519762770,0
move,0.07574746473724403,0.0,1.150949,-0.57547474,3,false,,,,,1464519762821,51
serverInfo,,,,,,,,,298,19.948134849391582,1464519762821,0
move,0.07008158099078798,0.0,0.11509514,-0.23019028,3,false,,,,,1464519763014,193
serverInfo,,,,,,,,,291,19.972039145196725,1464519763014,0
move,0.18042168111358592,0.0,-1.9566145,-2.3019004,3,false,,,,,1464519763270,256
serverInfo,,,,,,,,,291,19.948134849391582,1464519763270,0
move,0.3216395160376706,0.0,-0.11509514,0.0,3,false,,,,,1464519763314,44
serverInfo,,,,,,,,,291,19.972039145196725,1464519763314,0
move,0.40459529221179835,0.0,-0.23019028,-0.805665,3,false,,,,,1464519763370,56
serverInfo,,,,,,,,,291,19.948134849391582,1464519763370,0
move,0.45024122658732324,0.0,0.0,-0.11509514,3,false,,,,,1464519763371,1
serverInfo,,,,,,,,,291,19.94415636218588,1464519763371,0
move,0.2458317382706845,0.0,0.0,0.0,3,false,,,,,1464519763420,49
serverInfo,,,,,,,,,291,19.948134849391582,1464519763420,0
move,0.1342241446862822,0.0,0.0,0.11509514,3,false,,,,,1464519763465,45
serverInfo,,,,,,,,,291,19.968051118210862,1464519763465,0
move,0.07328639151111815,0.0,0.0,0.11509514,3,false,,,,,1464519763564,99
serverInfo,,,,,,,,,291,19.972039145196725,1464519763564,0
move,0.07098671562130932,0.0,0.0,0.0,3,false,,,,,1464519763723,159
serverInfo,,,,,,,,,291,19.93620414673046,1464519763723,0
move,0.1758669838309288,0.0,0.0,0.0,3,false,,,,,1464519763870,147
serverInfo,,,,,,,,,291,19.948134849391582,1464519763870,0
move,0.22827314212918282,0.0,0.0,0.11509514,3,false,,,,,1464519763870,0
serverInfo,,,,,,,,,291,19.948134849391582,1464519763870,0
move,0.1527247057431289,0.0,-0.46038008,1.15095,3,false,,,,,1464519763970,100
serverInfo,,,,,,,,,291,19.948134849391582,1464519763970,0
move,0.35277894050340564,0.0,-0.5754752,3.3377542,3,false,,,,,1464519764021,51
serverInfo,,,,,,,,,291,19.94415636218588,1464519764021,0
move,0.3893826531109994,0.0,-1.2660446,4.833989,3,false,,,,,1464519764070,49
serverInfo,,,,,,,,,291,19.948134849391582,1464519764070,0
move,0.4229281155099329,0.0,-0.34528518,1.0358546,3,false,,,,,1464519764119,49
serverInfo,,,,,,,,,291,19.952114924181966,1464519764119,0
move,0.44354737621521423,0.0,0.0,-0.46037984,3,false,,,,,1464519764173,54
serverInfo,,,,,,,,,291,19.93620414673046,1464519764173,0
move,0.44291320286786373,0.0,-0.46037984,-6.3302236,3,true,,,,,1464519764173,0
serverInfo,,,,,,,,,291,19.93620414673046,1464519764173,0
move,0.49533137135918537,0.0,-0.11509514,-29.999998,3,true,,,,,1464519764267,94
serverInfo,,,,,,,,,291,19.960079840319363,1464519764267,0
move,0.08257547076658867,0.0,-2.5320892,-30.0,3,false,,,,,1464519764318,51
serverInfo,,,,,,,,,291,19.95609658750748,1464519764318,0
move,0.13139707577030535,0.0,0.34528494,-30.0,3,false,,,,,1464519764368,50
serverInfo,,,,,,,,,291,19.95609658750748,1464519764368,0
move,0.17693005269172168,0.0,0.0,-30.0,3,false,,,,,1464519764417,49
serverInfo,,,,,,,,,291,19.960079840319363,1464519764417,0
move,0.3133538531902609,0.0,0.0,-30.0,3,false,,,,,1464519764473,56
serverInfo,,,,,,,,,291,19.93620414673046,1464519764473,0
move,0.38047220057033293,0.0,-0.6905698,-0.42913818,3,false,,,,,1464519764473,0
serverInfo,,,,,,,,,291,19.93620414673046,1464519764473,0
move,0.42893914626173846,0.0,-0.6905698,23.249191,3,false,,,,,1464519764571,98
serverInfo,,,,,,,,,291,19.94415636218588,1464519764571,0
move,0.4480860636704769,0.0,-0.23018992,11.279312,3,false,,,,,1464519764622,51
serverInfo,,,,,,,,,291,19.940179461615156,1464519764622,0
move,0.44374799593034986,0.0,0.34528494,10.818924,3,false,,,,,1464519764668,46
serverInfo,,,,,,,,,291,19.95609658750748,1464519764668,0
move,0.4616894922106578,0.0,0.115094975,4.718895,3,false,,,,,1464519764669,1
serverInfo,,,,,,,,,291,19.952114924181966,1464519764669,0
move,0.47324615976548756,0.0,-0.4603799,1.9566193,3,false,,,,,1464519764774,105
serverInfo,,,,,,,,,291,19.932230416583614,1464519764774,0
move,0.47955610098337687,0.0,0.0,0.0,3,false,,,,,1464519764774,0
serverInfo,,,,,,,,,291,19.932230416583614,1464519764774,0
move,0.4830013292884914,0.0,0.0,0.0,3,false,,,,,1464519764871,97
serverInfo,,,,,,,,,291,19.94415636218588,1464519764871,0
move,0.48579611121192556,0.0,0.11509496,1.1509476,3,false,,,,,1464519764921,50
serverInfo,,,,,,,,,291,19.94415636218588,1464519764921,0
move,0.4881503508148963,0.0,0.11509496,1.1509552,3,false,,,,,1464519764969,48
serverInfo,,,,,,,,,271,19.952114924181966,1464519764969,0
move,0.48959057395107486,0.0,0.0,0.23018646,3,false,,,,,1464519765019,50
serverInfo,,,,,,,,,271,19.952114924181966,1464519765019,0
move,0.41604464461440394,0.0,0.34528494,6.7906036,3,false,,,,,1464519765076,57
serverInfo,,,,,,,,,271,19.924287706714484,1464519765076,0
move,0.3870555618816951,0.0,0.115094975,4.0283203,3,false,,,,,1464519765124,48
serverInfo,,,,,,,,,271,19.932230416583614,1464519765124,0
move,0.3660870653744972,0.0,-0.23018995,13.235916,3,false,,,,,1464519765169,45
serverInfo,,,,,,,,,271,19.952114924181966,1464519765169,0
move,0.4837646812951899,0.0,-0.115094975,0.80566406,3,false,,,,,1464519765220,51
serverInfo,,,,,,,,,271,19.948134849391582,1464519765220,0
move,0.5480166670509696,0.0,0.0,0.0,3,false,,,,,1464519765270,50
serverInfo,,,,,,,,,271,19.948134849391582,1464519765270,0
move,0.5840014519812922,0.0,-0.23018993,-0.690567,3,false,,,,,1464519765322,52
serverInfo,,,,,,,,,271,19.940179461615156,1464519765322,0
move,0.6054793372555043,0.0,-0.23018998,-1.4962387,3,false,,,,,1464519765374,52
serverInfo,,,,,,,,,271,19.932230416583614,1464519765374,0
move,0.6208634783209188,0.0,-1.0358547,-3.6830368,3,false,,,,,1464519765424,50
serverInfo,,,,,,,,,271,19.932230416583614,1464519765424,0
move,0.6307954545697694,0.0,-0.46037996,-2.0717087,3,false,,,,,1464519765472,48
serverInfo,,,,,,,,,271,19.940179461615156,1464519765472,0
move,0.6382834959637087,0.0,-0.6905699,-4.718895,3,false,,,,,1464519765520,48
serverInfo,,,,,,,,,271,19.948134849391582,1464519765520,0
move,0.6426109518629275,0.0,-0.1150949,-3.5679474,3,false,,,,,1464519765570,50
serverInfo,,,,,,,,,271,19.948134849391582,1464519765570,0
move,0.6449212909709026,0.0,0.0,-0.46038055,3,false,,,,,1464519765620,50
serverInfo,,,,,,,,,271,19.948134849391582,1464519765620,0
move,0.29394230246543884,0.0,0.1150949,-0.69057465,3,false,,,,,1464519765673,53
serverInfo,,,,,,,,,271,19.93620414673046,1464519765673,0
move,0.19717106096473636,0.0,0.46037984,-1.8415222,3,false,,,,,1464519765673,0
serverInfo,,,,,,,,,271,19.93620414673046,1464519765673,0
move,0.4716536243213518,0.0,1.0358548,-2.5320892,3,false,,,,,1464519765770,97
serverInfo,,,,,,,,,271,19.948134849391582,1464519765770,0
move,0.5478899756516054,0.0,1.3811398,-2.6471786,3,false,,,,,1464519765819,49
serverInfo,,,,,,,,,271,19.952114924181966,1464519765819,0
move,0.4358670355528407,0.0,0.23018995,-7.4811707,3,false,,,,,1464519765820,1
serverInfo,,,,,,,,,271,19.948134849391582,1464519765820,0
move,0.12239926419639957,0.0,1.1509497,-6.4453125,3,false,,,,,1464519765922,102
serverInfo,,,,,,,,,271,19.940179461615156,1464519765922,0
move,-0.04929852061428441,0.0,0.11509502,-0.115097046,3,false,,,,,1464519765923,1
serverInfo,,,,,,,,,271,19.93620414673046,1464519765923,0
move,-0.1403190043922038,0.0,0.11509502,0.5754776,3,false,,,,,1464519766021,98
serverInfo,,,,,,,,,271,19.94415636218588,1464519766021,0
move,-0.17289276334008363,0.0,0.57547486,3.5679398,3,false,,,,,1464519766071,50
serverInfo,,,,,,,,,271,19.94415636218588,1464519766071,0
move,-0.15714232632412184,0.0,0.46037984,6.790596,3,false,,,,,1464519766071,0
serverInfo,,,,,,,,,271,19.94415636218588,1464519766071,0
move,0.09022298827712483,0.0,-0.69056976,4.949089,3,false,,,,,1464519766118,47
serverInfo,,,,,,,,,271,19.95609658750748,1464519766118,0
move,0.24217749867544214,0.0,-0.23019004,4.373604,3,false,,,,,1464519766220,102
serverInfo,,,,,,,,,271,19.948134849391582,1464519766220,0
move,0.42625205599926197,0.0,-0.80566484,4.718895,3,false,,,,,1464519766220,0
serverInfo,,,,,,,,,271,19.948134849391582,1464519766220,0
move,0.5257932668892078,0.0,-0.46037987,3.2226639,3,false,,,,,1464519766322,102
serverInfo,,,,,,,,,271,19.940179461615156,1464519766322,0
move,0.5796377441927252,0.0,-0.23018996,1.0358505,3,false,,,,,1464519766322,0
serverInfo,,,,,,,,,271,19.940179461615156,1464519766322,0
move,0.6089745155591402,0.0,-0.23018995,0.115097046,3,false,,,,,1464519766372,50
serverInfo,,,,,,,,,271,19.940179461615156,1464519766372,0
move,0.5560884119464191,0.0,-0.115094975,-0.23018646,3,false,,,,,1464519766423,51
serverInfo,,,,,,,,,271,19.93620414673046,1464519766423,0
move,0.5246440679637097,0.0,-0.115094975,-0.80566406,3,false,,,,,1464519766465,42
serverInfo,,,,,,,,,271,19.968051118210862,1464519766465,0
move,0.5029405213702347,0.0,-0.4603799,-1.3811417,3,false,,,,,1464519766568,103
serverInfo,,,,,,,,,271,19.95609658750748,1464519766568,0
move,0.48287093563553896,0.0,-0.57547486,-2.4169998,3,false,,,,,1464519766621,53
serverInfo,,,,,,,,,271,19.94415636218588,1464519766621,0
move,0.47191294055159716,0.0,0.0,0.0,3,false,,,,,1464519766621,0
serverInfo,,,,,,,,,271,19.94415636218588,1464519766621,0
move,0.45902724968783915,0.0,-0.46037996,-1.9566116,3,false,,,,,1464519766719,98
serverInfo,,,,,,,,,271,19.952114924181966,1464519766719,0
move,0.4444056164683836,0.0,-0.69056964,-2.0717163,3,false,,,,,1464519766720,1
serverInfo,,,,,,,,,271,19.948134849391582,1464519766720,0
move,0.4310241002712587,0.0,-0.34528494,-1.7264175,3,false,,,,,1464519766769,49
serverInfo,,,,,,,,,271,19.952114924181966,1464519766769,0
move,0.42260392096249433,0.0,0.0,0.0,3,false,,,,,1464519766822,53
serverInfo,,,,,,,,,271,19.940179461615156,1464519766822,0
move,0.41800650252593385,0.0,0.0,0.0,3,false,,,,,1464519766922,100
serverInfo,,,,,,,,,271,19.940179461615156,1464519766922,0
move,0.4154963117680097,0.0,0.0,0.0,3,false,,,,,1464519766971,49
serverInfo,,,,,,,,,271,19.94415636218588,1464519766971,0
move,0.4223502580427123,0.0,0.34528494,2.1868057,3,false,,,,,1464519766972,1
serverInfo,,,,,,,,,271,19.940179461615156,1464519766972,0
move,0.43279503728757973,0.0,0.575475,1.8415222,3,false,,,,,1464519767072,100
serverInfo,,,,,,,,,257,19.940179461615156,1464519767072,0
move,0.4389111691443439,0.0,0.0,0.115097046,3,false,,,,,1464519767072,0
serverInfo,,,,,,,,,257,19.940179461615156,1464519767072,0
move,0.44348549880352905,0.0,0.0,0.3452835,3,false,,,,,1464519767173,101
serverInfo,,,,,,,,,257,19.93620414673046,1464519767173,0
move,0.44889816046045894,0.0,0.0,0.0,3,false,,,,,1464519767221,48
serverInfo,,,,,,,,,257,19.94415636218588,1464519767221,0
move,0.4497379999900595,0.0,0.23018992,0.23018646,3,false,,,,,1464519767273,52
serverInfo,,,,,,,,,257,19.93620414673046,1464519767273,0
move,0.4497590658770534,0.0,0.0,0.0,3,false,,,,,1464519767273,0
serverInfo,,,,,,,,,257,19.93620414673046,1464519767273,0
move,0.4497705678526849,0.0,0.0,0.0,3,false,,,,,1464519767372,99
serverInfo,,,,,,,,,257,19.940179461615156,1464519767372,0
move,0.44977684793211026,0.0,0.0,0.0,3,false,,,,,1464519767420,48
serverInfo,,,,,,,,,257,19.948134849391582,1464519767420,0
move,0.4497802768558756,0.0,0.0,0.0,3,true,,,,,1464519767473,53
serverInfo,,,,,,,,,257,19.93620414673046,1464519767473,0
move,0.4530062834936608,0.0,0.46037996,0.9207535,3,true,,,,,1464519767524,51
serverInfo,,,,,,,,,257,19.932230416583614,1464519767524,0
move,0.454188357439552,0.0,0.23018992,0.3452835,3,true,,,,,1464519767524,0
serverInfo,,,,,,,,,257,19.932230416583614,1464519767524,0
move,0.4537617196231807,0.0,0.0,-0.115097046,3,true,,,,,1464519767616,92
serverInfo,,,,,,,,,257,19.964064683569575,1464519767616,0
move,0.4537527845445979,0.0,0.0,0.0,3,true,,,,,1464519767668,52
serverInfo,,,,,,,,,257,19.95609658750748,1464519767668,0
move,0.4537479059911256,0.0,0.0,0.0,3,true,,,,,1464519767720,52
serverInfo,,,,,,,,,257,19.948134849391582,1464519767720,0
move,0.4569213074624443,0.0,1.0358548,0.9207611,3,true,,,,,1464519767774,54
serverInfo,,,,,,,,,257,19.932230416583614,1464519767774,0
move,0.45686229063993977,0.0,0.4603799,0.0,3,true,,,,,1464519767774,0
serverInfo,,,,,,,,,257,19.932230416583614,1464519767774,0
move,0.45683006745111143,0.0,0.11509496,0.0,3,true,,,,,1464519767874,100
serverInfo,,,,,,,,,257,19.932230416583614,1464519767874,0
move,0.4568124735879664,0.0,0.0,0.0,3,true,,,,,1464519767874,0
serverInfo,,,,,,,,,257,19.932230416583614,1464519767874,0
move,0.45680286733757214,0.0,0.0,0.0,3,true,,,,,1464519767922,48
serverInfo,,,,,,,,,257,19.940179461615156,1464519767922,0
move,0.4567976223242489,0.0,0.0,0.0,3,true,,,,,1464519767973,51
serverInfo,,,,,,,,,257,19.93620414673046,1464519767973,0
move,0.21494497172534466,0.0,0.34528488,0.9207611,3,true,,,,,1464519768025,52
serverInfo,,,,,,,,,257,19.928258270227182,1464519768025,0
move,0.14427637454390663,0.0,0.23019004,0.115097046,3,false,,,,,1464519768115,90
serverInfo,,,,,,,,,257,19.968051118210862,1464519768115,0
move,0.347008149740347,0.0,0.11509502,0.115097046,3,true,,,,,1464519768115,0
serverInfo,,,,,,,,,257,19.968051118210862,1464519768115,0
move,0.40633406674495376,0.0,0.0,0.3452835,3,true,,,,,1464519768165,50
serverInfo,,,,,,,,,257,19.968051118210862,1464519768165,0
move,0.4428781859863875,0.0,0.46037984,1.2660446,3,true,,,,,1464519768265,100
serverInfo,,,,,,,,,257,19.968051118210862,1464519768265,0
move,0.4646653663462672,0.0,0.11509502,0.5754776,3,true,,,,,1464519768314,49
serverInfo,,,,,,,,,257,19.972039145196725,1464519768314,0
move,0.4769288375931282,0.0,0.0,0.115097046,3,true,,,,,1464519768314,0
serverInfo,,,,,,,,,257,19.972039145196725,1464519768314,0
move,0.4858116216161008,0.0,0.23018992,0.690567,3,true,,,,,1464519768374,60
serverInfo,,,,,,,,,257,19.932230416583614,1464519768374,0
move,0.4910229251235094,0.0,0.1150949,0.115097046,3,true,,,,,1464519768423,49
serverInfo,,,,,,,,,257,19.93620414673046,1464519768423,0
move,0.49530433138652086,0.0,0.1150949,0.46038055,3,true,,,,,1464519768522,99
serverInfo,,,,,,,,,257,19.940179461615156,1464519768522,0
move,0.4976419794776561,0.0,0.0,0.0,3,true,,,,,1464519768522,0
serverInfo,,,,,,,,,257,19.940179461615156,1464519768522,0
move,0.4989183354836584,0.0,0.0,0.0,3,true,,,,,1464519768569,47
serverInfo,,,,,,,,,257,19.952114924181966,1464519768569,0
move,0.4996152259438986,0.0,0.1150949,0.0,3,true,,,,,1464519768617,48
serverInfo,,,,,,,,,257,19.960079840319363,1464519768617,0
move,0.4999957281793641,0.0,0.2301898,0.0,3,true,,,,,1464519768674,57
serverInfo,,,,,,,,,257,19.932230416583614,1464519768674,0
move,0.5005601882833801,0.0,0.3452847,0.115097046,3,true,,,,,1464519768723,49
serverInfo,,,,,,,,,257,19.940179461615156,1464519768723,0
move,0.5008683835359662,0.0,0.0,0.0,3,true,,,,,1464519768771,48
serverInfo,,,,,,,,,257,19.94415636218588,1464519768771,0
move,0.5010366581634145,0.0,0.0,0.0,3,true,,,,,1464519768822,51
serverInfo,,,,,,,,,257,19.94415636218588,1464519768822,0
move,0.5011285361206888,0.0,0.0,0.0,3,true,,,,,1464519768869,47
serverInfo,,,,,,,,,257,19.952114924181966,1464519768869,0
move,0.5011787014911846,0.0,0.0,0.0,3,true,,,,,1464519768978,109
serverInfo,,,,,,,,,257,19.916351324437365,1464519768978,0
move,0.5012060917866492,0.0,0.0,0.0,3,true,,,,,1464519769024,46
serverInfo,,,,,,,,,257,19.932230416583614,1464519769024,0
move,0.22756248898804188,0.0,0.0,0.0,3,true,,,,,1464519769072,48
serverInfo,,,,,,,,,257,19.940179461615156,1464519769072,0
move,0.15269444663832132,0.0,0.0,0.0,3,false,,,,,1464519769072,0
serverInfo,,,,,,,,,257,19.940179461615156,1464519769072,0
move,0.3665144394334803,0.0,0.0,0.0,3,true,,,,,1464519769170,98
serverInfo,,,,,,,,,256,19.948134849391582,1464519769170,0
move,0.4276793961628229,0.0,0.0,0.0,3,true,,,,,1464519769226,56
serverInfo,,,,,,,,,256,19.928258270227182,1464519769226,0
move,0.46107546641609076,0.0,0.0,0.0,3,true,,,,,1464519769226,0
serverInfo,,,,,,,,,256,19.928258270227182,1464519769226,0
move,0.4865693022677178,0.0,0.575475,2.4169998,3,true,,,,,1464519769316,90
serverInfo,,,,,,,,,256,19.968051118210862,1464519769316,0
move,0.5041182352775593,0.0,0.2301898,1.2660446,3,true,,,,,1464519769373,57
serverInfo,,,,,,,,,256,19.93620414673046,1464519769373,0
move,0.5136999538138767,0.0,0.0,0.0,3,true,,,,,1464519769373,0
serverInfo,,,,,,,,,256,19.93620414673046,1464519769373,0
move,0.519257200367349,0.0,0.0,0.115097046,3,true,,,,,1464519769420,47
serverInfo,,,,,,,,,256,19.952114924181966,1464519769420,0
move,0.5222914573379995,0.0,0.0,0.0,3,true,,,,,1464519769525,105
serverInfo,,,,,,,,,256,19.932230416583614,1464519769525,0
move,0.5239481618363939,0.0,0.0,0.0,3,true,,,,,1464519769525,0
serverInfo,,,,,,,,,256,19.932230416583614,1464519769525,0
move,0.5248527225975792,0.0,0.0,0.0,3,true,,,,,1464519769574,49
serverInfo,,,,,,,,,256,19.93620414673046,1464519769574,0
move,0.5253466128305675,0.0,0.0,0.0,3,true,,,,,1464519769627,53
serverInfo,,,,,,,,,256,19.924287706714484,1464519769627,0
move,0.5259409322533131,0.0,0.0,0.115097046,3,true,,,,,1464519769671,44
serverInfo,,,,,,,,,256,19.94415636218588,1464519769671,0
move,0.5300852651367762,0.0,-0.1150949,1.3811417,3,true,,,,,1464519769721,50
serverInfo,,,,,,,,,256,19.94415636218588,1464519769721,0
move,0.5363119066914095,0.0,0.1150949,1.4962387,3,true,,,,,1464519769771,50
serverInfo,,,,,,,,,256,19.94415636218588,1464519769771,0
move,0.5454883008534708,0.0,0.0,2.3019104,3,true,,,,,1464519769824,53
serverInfo,,,,,,,,,256,19.93620414673046,1464519769824,0
move,0.5605820272621216,0.0,-0.1150949,4.4887085,3,true,,,,,1464519769873,49
serverInfo,,,,,,,,,256,19.93620414673046,1464519769873,0
move,0.5769000121851349,0.0,-0.3452847,4.2585144,3,true,,,,,1464519769922,49
serverInfo,,,,,,,,,256,19.94415636218588,1464519769922,0
move,0.5949109791231422,0.0,-0.2301898,6.215126,3,true,,,,,1464519769971,49
serverInfo,,,,,,,,,256,19.94415636218588,1464519769971,0
move,0.2868618965148926,0.0,0.1150949,8.171745,3,true,,,,,1464519770023,52
serverInfo,,,,,,,,,256,19.940179461615156,1464519770023,0
move,0.19264487723834378,0.0,-0.1150949,7.250984,3,false,,,,,1464519770070,47
serverInfo,,,,,,,,,256,19.952114924181966,1464519770070,0
move,0.46272832316040535,0.0,-0.1150949,2.7622795,3,true,,,,,1464519770127,57
serverInfo,,,,,,,,,256,19.924287706714484,1464519770127,0
move,0.5399803957387164,0.0,-0.1150949,0.23018646,3,true,,,,,1464519770175,48
serverInfo,,,,,,,,,256,19.928258270227182,1464519770175,0
move,0.5812693898611982,0.0,-0.2301898,1.8415146,3,true,,,,,1464519770214,39
serverInfo,,,,,,,,,256,19.97602876548142,1464519770214,0
move,0.6018280133234413,0.0,-0.3452847,2.8773766,3,true,,,,,1464519770272,58
serverInfo,,,,,,,,,256,19.940179461615156,1464519770272,0
move,0.6115138075921323,0.0,-0.2301898,1.7264214,3,true,,,,,1464519770322,50
serverInfo,,,,,,,,,256,19.94415636218588,1464519770322,0
move,0.6161198606508052,0.0,0.0,0.690567,3,true,,,,,1464519770424,102
serverInfo,,,,,,,,,256,19.93620414673046,1464519770424,0
move,0.6168701853055367,0.0,0.0,1.6113281,3,true,,,,,1464519770476,52
serverInfo,,,,,,,,,256,19.924287706714484,1464519770476,0
move,0.6151492126307261,0.0,-0.34528494,1.7264271,3,true,,,,,1464519770476,0
serverInfo,,,,,,,,,256,19.924287706714484,1464519770476,0
move,0.6113183710910803,0.0,-0.23019004,2.0717087,3,true,,,,,1464519770523,47
serverInfo,,,,,,,,,256,19.940179461615156,1464519770523,0
move,0.6055914738849566,0.0,-0.34528506,2.3019009,3,true,,,,,1464519770573,50
serverInfo,,,,,,,,,256,19.940179461615156,1464519770573,0
move,0.5992423083965903,0.0,-0.4603799,1.8415184,3,true,,,,,1464519770624,51
serverInfo,,,,,,,,,256,19.93620414673046,1464519770624,0
move,0.5911230815283091,0.0,-0.80566484,2.416994,3,true,,,,,1464519770673,49
serverInfo,,,,,,,,,256,19.93620414673046,1464519770673,0
move,0.5823296798605853,0.0,-1.3811398,2.0717125,3,true,,,,,1464519770723,50
serverInfo,,,,,,,,,256,19.940179461615156,1464519770723,0
move,0.573356417628375,0.0,-2.5320895,1.8415203,3,true,,,,,1464519770775,52
serverInfo,,,,,,,,,256,19.928258270227182,1464519770775,0
move,0.5657279054607613,0.0,-2.4169943,1.1509495,3,false,,,,,1464519770824,49
serverInfo,,,,,,,,,256,19.93620414673046,1464519770824,0
move,0.5623961108502371,0.0,-2.0717096,-0.34528542,3,false,,,,,1464519770923,99
serverInfo,,,,,,,,,256,19.940179461615156,1464519770923,0
move,0.5653697118392103,0.0,-0.23019028,-2.0717087,3,false,,,,,1464519770923,0
serverInfo,,,,,,,,,256,19.940179461615156,1464519770923,0
move,0.5677614753790579,0.0,0.0,-0.34528542,3,false,,,,,1464519771024,101
serverInfo,,,,,,,,,256,19.93620414673046,1464519771024,0
move,0.2598282918334007,0.0,0.23019028,-0.34528542,3,false,,,,,1464519771073,49
serverInfo,,,,,,,,,256,19.940179461615156,1464519771073,0
move,0.1746207595591045,0.0,0.0,-1.0358562,3,false,,,,,1464519771073,0
serverInfo,,,,,,,,,256,19.940179461615156,1464519771073,0
move,0.42466327607225196,0.0,0.11509514,-1.8415222,3,false,,,,,1464519771172,99
serverInfo,,,,,,,,,254,19.940179461615156,1464519771172,0
move,0.49873503519680185,0.0,0.11509514,-0.5754757,3,false,,,,,1464519771172,0
serverInfo,,,,,,,,,254,19.940179461615156,1464519771172,0
move,0.5417328232974015,0.0,0.9207597,-1.3811417,3,false,,,,,1464519771269,97
serverInfo,,,,,,,,,254,19.952114924181966,1464519771269,0
move,0.5670130835147731,0.0,1.1509495,-1.0358562,3,false,,,,,1464519771324,55
serverInfo,,,,,,,,,254,19.93620414673046,1464519771324,0
move,0.580420831544302,0.0,0.5754752,0.23019028,3,false,,,,,1464519771373,49
serverInfo,,,,,,,,,254,19.93620414673046,1464519771373,0
move,0.5863332732836,0.0,0.6905699,0.80566597,3,false,,,,,1464519771424,51
serverInfo,,,,,,,,,254,19.93620414673046,1464519771424,0
move,0.5893545716756279,0.0,0.0,0.11509514,3,false,,,,,1464519771424,0
serverInfo,,,,,,,,,254,19.93620414673046,1464519771424,0
move,0.5910042007892784,0.0,0.0,0.0,3,false,,,,,1464519771521,97
serverInfo,,,,,,,,,254,19.948134849391582,1464519771521,0
move,0.5919048983899557,0.0,0.0,0.0,3,false,,,,,1464519771522,1
serverInfo,,,,,,,,,254,19.94415636218588,1464519771522,0
move,0.5926035745096385,0.0,0.0,-0.11509514,3,false,,,,,1464519771627,105
serverInfo,,,,,,,,,254,19.924287706714484,1464519771627,0
move,0.5937920911549739,0.0,0.11509514,-0.46038055,3,false,,,,,1464519771676,49
serverInfo,,,,,,,,,254,19.928258270227182,1464519771676,0
move,0.5946424999192104,0.0,0.57547474,-0.11509514,3,false,,,,,1464519771676,0
serverInfo,,,,,,,,,254,19.928258270227182,1464519771676,0
move,0.5940983051182229,0.0,1.3811398,0.5754757,3,false,,,,,1464519771773,97
serverInfo,,,,,,,,,254,19.940179461615156,1464519771773,0
move,0.5908056240898958,0.0,2.1868045,1.61133,3,false,,,,,1464519771773,0
serverInfo,,,,,,,,,254,19.940179461615156,1464519771773,0
move,0.5890078200396189,0.0,0.0,0.0,3,false,,,,,1464519771821,48
serverInfo,,,,,,,,,254,19.948134849391582,1464519771821,0
move,0.5920946680537469,0.0,0.0,-0.5754757,3,false,,,,,1464519771930,109
serverInfo,,,,,,,,,254,19.91238550378335,1464519771930,0
move,0.5886650625197589,0.0,-0.11509496,-2.416994,3,false,,,,,1464519771930,0
serverInfo,,,,,,,,,254,19.91238550378335,1464519771930,0
move,0.5865364882807995,0.0,0.0,-0.11509514,3,false,,,,,1464519772025,95
serverInfo,,,,,,,,,254,19.932230416583614,1464519772025,0
move,0.5878858251765067,0.0,0.11509496,1.1509495,3,false,,,,,1464519772071,46
serverInfo,,,,,,,,,254,19.948134849391582,1464519772071,0
move,0.5903048372506916,0.0,0.0,0.80566406,3,false,,,,,1464519772071,0
serverInfo,,,,,,,,,254,19.948134849391582,1464519772071,0
move,0.5920998101986967,0.0,0.0,0.23019028,3,false,,,,,1464519772175,104
serverInfo,,,,,,,,,254,19.932230416583614,1464519772175,0
move,0.5964857643515771,0.0,0.34528494,1.7264233,3,false,,,,,1464519772224,49
serverInfo,,,,,,,,,254,19.93620414673046,1464519772224,0
move,0.6058714349759526,0.0,0.9207598,4.028324,3,false,,,,,1464519772265,41
serverInfo,,,,,,,,,254,19.972039145196725,1464519772265,0
move,0.6140494980792823,0.0,0.4603799,2.0717096,3,false,,,,,1464519772323,58
serverInfo,,,,,,,,,254,19.940179461615156,1464519772323,0
move,0.619144809202858,0.0,0.11509502,0.4603796,3,false,,,,,1464519772323,0
serverInfo,,,,,,,,,254,19.940179461615156,1464519772323,0
move,0.6238405682786876,0.0,0.23019004,1.4962349,3,false,,,,,1464519772421,98
serverInfo,,,,,,,,,254,19.948134849391582,1464519772421,0
move,0.6265441439675072,0.0,0.0,0.11509514,3,false,,,,,1464519772471,50
serverInfo,,,,,,,,,254,19.948134849391582,1464519772471,0
move,0.6281588102089302,0.0,0.0,0.11509514,3,false,,,,,1464519772518,47
serverInfo,,,,,,,,,254,19.960079840319363,1464519772518,0
move,0.6298471967485142,0.0,-0.23019004,0.6905699,3,false,,,,,1464519772573,55
serverInfo,,,,,,,,,254,19.940179461615156,1464519772573,0
move,0.6357712267073623,0.0,-0.92075986,5.639654,3,false,,,,,1464519772624,51
serverInfo,,,,,,,,,254,19.93620414673046,1464519772624,0
move,0.6406790584356941,0.0,-0.4603799,3.4528494,3,false,,,,,1464519772671,47
serverInfo,,,,,,,,,254,19.948134849391582,1464519772671,0
move,0.6433587348706098,0.0,0.0,0.0,3,false,,,,,1464519772671,0
serverInfo,,,,,,,,,254,19.948134849391582,1464519772671,0
move,0.6451686181973315,0.0,-0.23018995,1.2660449,3,false,,,,,1464519772767,96
serverInfo,,,,,,,,,254,19.964064683569575,1464519772767,0
move,0.6462843685483222,0.0,-0.11509499,0.6905699,3,false,,,,,1464519772820,53
serverInfo,,,,,,,,,254,19.952114924181966,1464519772820,0
move,0.5587333815375572,0.0,0.0,1.1509497,3,false,,,,,1464519772820,0
serverInfo,,,,,,,,,254,19.952114924181966,1464519772820,0
move,0.393837153456964,0.0,0.23018995,2.0717096,3,false,,,,,1464519772914,94
serverInfo,,,,,,,,,254,19.97602876548142,1464519772914,0
move,0.508977413229843,0.0,0.115094975,0.69056964,3,false,,,,,1464519772965,51
serverInfo,,,,,,,,,254,19.972039145196725,1464519772965,0
move,0.5718440023679392,0.0,0.0,0.0,3,false,,,,,1464519773021,56
serverInfo,,,,,,,,,254,19.952114924181966,1464519773021,0
move,0.6061691640243083,0.0,0.0,0.0,3,false,,,,,1464519773022,1
serverInfo,,,,,,,,,254,19.948134849391582,1464519773022,0
move,0.624910704465556,0.0,0.0,0.0,3,false,,,,,1464519773070,48
serverInfo,,,,,,,,,254,19.952114924181966,1464519773070,0
move,0.6352059629958191,0.0,0.0,-0.34528494,3,false,,,,,1464519773165,95
serverInfo,,,,,,,,,253,19.972039145196725,1464519773165,0
move,0.34738653483356785,0.0,0.0,-1.7264247,3,false,,,,,1464519773165,0
serverInfo,,,,,,,,,253,19.972039145196725,1464519773165,0
move,0.45258360897980765,0.0,-0.115094975,-0.34528488,3,false,,,,,1464519773219,54
serverInfo,,,,,,,,,253,19.95609658750748,1464519773219,0
move,0.5412575448118346,0.0,0.0,-0.23018992,3,false,,,,,1464519773323,104
serverInfo,,,,,,,,,253,19.940179461615156,1464519773323,0
move,0.5896735193997742,0.0,0.0,0.0,3,false,,,,,1464519773323,0
serverInfo,,,,,,,,,253,19.940179461615156,1464519773323,0
move,0.6161086445952861,0.0,0.0,0.0,3,false,,,,,1464519773424,101
serverInfo,,,,,,,,,253,19.93620414673046,1464519773424,0
move,0.6305493771859219,0.0,0.0,0.23018993,3,false,,,,,1464519773473,49
serverInfo,,,,,,,,,253,19.940179461615156,1464519773473,0
move,0.6384340180962127,0.0,0.0,0.0,3,false,,,,,1464519773473,0
serverInfo,,,,,,,,,253,19.940179461615156,1464519773473,0
move,0.6427360523010393,0.0,0.0,-0.115094975,3,true,,,,,1464519773523,50
serverInfo,,,,,,,,,253,19.940179461615156,1464519773523,0
move,0.6440910259957633,0.0,-0.11509499,-4.373609,3,true,,,,,1464519773571,48
serverInfo,,,,,,,,,253,19.948134849391582,1464519773571,0
move,0.641844321190213,0.0,-0.11509496,-4.7188935,3,true,,,,,1464519773623,52
serverInfo,,,,,,,,,253,19.940179461615156,1464519773623,0
move,0.6374499015749819,0.0,-0.11509496,-3.222659,3,true,,,,,1464519773668,45
serverInfo,,,,,,,,,253,19.960079840319363,1464519773668,0
move,0.6280569862032692,0.0,-0.5754748,-5.1792736,3,true,,,,,1464519773722,54
serverInfo,,,,,,,,,253,19.94415636218588,1464519773722,0
move,0.6186728982445047,0.0,-0.23018992,-2.5320892,3,true,,,,,1464519773771,49
serverInfo,,,,,,,,,253,19.948134849391582,1464519773771,0
move,0.6135491856238815,0.0,0.0,0.0,3,true,,,,,1464519773823,52
serverInfo,,,,,,,,,253,19.940179461615156,1464519773823,0
move,0.6000770572764083,0.0,-0.23018992,-1.4962349,3,true,,,,,1464519773869,46
serverInfo,,,,,,,,,253,19.95609658750748,1464519773869,0
move,0.5988690389674645,0.0,-0.46037984,-3.3377533,3,true,,,,,1464519773919,50
serverInfo,,,,,,,,,253,19.95609658750748,1464519773919,0
move,0.6039240413108544,0.0,-0.46037984,-3.6830387,3,true,,,,,1464519773969,50
serverInfo,,,,,,,,,253,19.95609658750748,1464519773969,0
move,0.613511345385696,0.0,-1.1509497,-5.9849415,3,true,,,,,1464519774020,51
serverInfo,,,,,,,,,253,19.952114924181966,1464519774020,0
move,0.6217254639463832,0.0,-1.1509497,-4.258518,3,true,,,,,1464519774119,99
serverInfo,,,,,,,,,253,19.95609658750748,1464519774119,0
move,0.6276931430483614,0.0,-1.7264247,-5.0641785,3,true,,,,,1464519774119,0
serverInfo,,,,,,,,,253,19.95609658750748,1464519774119,0
move,0.6309095494477646,0.0,-0.5754752,-2.0717087,3,true,,,,,1464519774172,53
serverInfo,,,,,,,,,253,19.94415636218588,1464519774172,0
move,0.6326377082638999,0.0,0.0,-0.23019028,3,true,,,,,1464519774221,49
serverInfo,,,,,,,,,253,19.948134849391582,1464519774221,0
move,0.633581283087139,0.0,0.0,0.0,3,true,,,,,1464519774269,48
serverInfo,,,,,,,,,253,19.95609658750748,1464519774269,0
move,0.6340964750004616,0.0,0.0,0.0,3,true,,,,,1464519774316,47
serverInfo,,,,,,,,,253,19.968051118210862,1464519774316,0
move,0.6343777698178314,0.0,0.0,0.0,3,true,,,,,1464519774420,104
serverInfo,,,,,,,,,253,19.952114924181966,1464519774420,0
move,0.634515636080863,0.0,-0.11509514,-0.11509323,3,true,,,,,1464519774420,0
serverInfo,,,,,,,,,253,19.952114924181966,1464519774420,0
move,0.63465795139345,0.0,-0.9207597,0.57547,3,true,,,,,1464519774471,51
serverInfo,,,,,,,,,253,19.948134849391582,1464519774471,0
move,0.6347732511928257,0.0,-0.805665,0.5754738,3,true,,,,,1464519774518,47
serverInfo,,,,,,,,,253,19.960079840319363,1464519774518,0
move,0.6348403325122689,0.0,-0.6905699,0.11509323,3,true,,,,,1464519774569,51
serverInfo,,,,,,,,,253,19.95609658750748,1464519774569,0
move,0.6348728312952829,0.0,-0.57547474,-0.11509323,3,true,,,,,1464519774625,56
serverInfo,,,,,,,,,253,19.932230416583614,1464519774625,0
move,0.6348712190244754,0.0,-0.23019028,-0.3452835,3,true,,,,,1464519774722,97
serverInfo,,,,,,,,,253,19.94415636218588,1464519774722,0
move,0.6348410281404426,0.0,-0.23019028,-0.3452835,3,true,,,,,1464519774772,50
serverInfo,,,,,,,,,253,19.94415636218588,1464519774772,0
move,0.6348245439158262,0.0,0.0,0.0,3,false,,,,,1464519774817,45
serverInfo,,,,,,,,,253,19.968051118210862,1464519774817,0
move,0.6348155435281626,0.0,0.0,0.0,3,false,,,,,1464519774817,0
serverInfo,,,,,,,,,253,19.968051118210862,1464519774817,0
move,0.6348106293159361,0.0,0.0,0.0,3,false,,,,,1464519774920,103
serverInfo,,,,,,,,,253,19.95609658750748,1464519774920,0
move,0.6348079461557319,0.0,0.0,0.0,3,false,,,,,1464519774972,52
serverInfo,,,,,,,,,253,19.94415636218588,1464519774972,0
move,0.634750512388635,0.0,0.0,-0.46038055,3,false,,,,,1464519775022,50
serverInfo,,,,,,,,,253,19.94415636218588,1464519775022,0
move,0.6346841358193984,0.0,0.0,-0.23018646,3,false,,,,,1464519775071,49
serverInfo,,,,,,,,,253,19.948134849391582,1464519775071,0
move,0.6346082422183912,0.0,1.0358543,-0.23018646,3,false,,,,,1464519775121,50
serverInfo,,,,,,,,,253,19.948134849391582,1464519775121,0
move,0.6345224584517695,0.0,2.3018994,-0.23019028,3,false,,,,,1464519775171,50
serverInfo,,,,,,,,,253,19.948134849391582,1464519775171,0
move,0.634426625491713,0.0,1.0358543,-0.23018646,3,false,,,,,1464519775217,46
serverInfo,,,,,,,,,253,19.964064683569575,1464519775217,0
move,0.6343480597445961,0.0,0.4603796,-0.11509323,3,false,,,,,1464519775274,57
serverInfo,,,,,,,,,251,19.93620414673046,1464519775274,0
move,0.6343051628416561,0.0,0.0,0.0,3,false,,,,,1464519775322,48
serverInfo,,,,,,,,,251,19.94415636218588,1464519775322,0
move,0.6342817411299819,0.0,0.0,0.0,3,false,,,,,1464519775323,1
serverInfo,,,,,,,,,251,19.940179461615156,1464519775323,0
move,0.6342689528738816,0.0,0.0,0.0,3,false,,,,,1464519775421,98
serverInfo,,,,,,,,,251,19.948134849391582,1464519775421,0
move,0.6342619704852694,0.0,0.0,0.0,3,false,,,,,1464519775470,49
serverInfo,,,,,,,,,251,19.952114924181966,1464519775470,0
move,0.6342581581006215,0.0,0.0,0.0,3,false,,,,,1464519775520,50
serverInfo,,,,,,,,,251,19.952114924181966,1464519775520,0
move,0.6321085435388483,0.0,0.57547474,-4.833988,3,false,,,,,1464519775574,54
serverInfo,,,,,,,,,251,19.93620414673046,1464519775574,0
move,0.6293913170695475,0.0,0.57547474,-2.0717087,3,false,,,,,1464519775625,51
serverInfo,,,,,,,,,251,19.932230416583614,1464519775625,0
move,0.6279077112449585,0.0,0.0,0.0,3,false,,,,,1464519775672,47
serverInfo,,,,,,,,,251,19.94415636218588,1464519775672,0
move,0.627097662370673,0.0,0.0,0.0,3,false,,,,,1464519775673,1
serverInfo,,,,,,,,,251,19.940179461615156,1464519775673,0
move,0.626845775221085,0.0,0.0,0.23019028,3,false,,,,,1464519775769,96
serverInfo,,,,,,,,,251,19.95609658750748,1464519775769,0
move,0.6284941042870145,0.0,-0.46038008,2.5320892,3,false,,,,,1464519775820,51
serverInfo,,,,,,,,,251,19.952114924181966,1464519775820,0
move,0.6302905608201428,0.0,-1.7264247,1.7264252,3,false,,,,,1464519775874,54
serverInfo,,,,,,,,,251,19.93620414673046,1464519775874,0
move,0.6314199907782694,0.0,-0.5754752,0.3452797,3,false,,,,,1464519775874,0
serverInfo,,,,,,,,,251,19.93620414673046,1464519775874,0
move,0.6320366596070528,0.0,0.0,0.0,3,false,,,,,1464519775969,95
serverInfo,,,,,,,,,251,19.95609658750748,1464519775969,0
move,0.6323733608266195,0.0,0.0,0.0,3,false,,,,,1464519775970,1
serverInfo,,,,,,,,,251,19.952114924181966,1464519775970,0
move,0.6325571997139008,0.0,0.0,0.0,3,false,,,,,1464519776069,99
serverInfo,,,,,,,,,251,19.95609658750748,1464519776069,0
move,0.6321805001812351,0.0,0.11509514,-1.0358505,3,false,,,,,1464519776125,56
serverInfo,,,,,,,,,251,19.932230416583614,1464519776125,0
move,0.6298979132664613,0.0,-0.11509514,-3.2226562,3,false,,,,,1464519776167,42
serverInfo,,,,,,,,,251,19.964064683569575,1464519776167,0
move,0.6283747123877532,0.0,0.0,-0.3452835,3,false,,,,,1464519776167,0
serverInfo,,,,,,,,,251,19.964064683569575,1464519776167,0
move,0.6274484222378334,0.0,0.11509514,-0.11509323,3,false,,,,,1464519776271,104
serverInfo,,,,,,,,,251,19.948134849391582,1464519776271,0
move,0.6269426677571914,0.0,0.0,0.0,3,false,,,,,1464519776272,1
serverInfo,,,,,,,,,251,19.94415636218588,1464519776272,0
move,0.6271280668949686,0.0,0.11509514,0.5754738,3,false,,,,,1464519776368,96
serverInfo,,,,,,,,,251,19.960079840319363,1464519776368,0
move,0.6274058214419966,0.0,0.0,0.23019028,3,false,,,,,1464519776420,52
serverInfo,,,,,,,,,251,19.952114924181966,1464519776420,0
move,0.6275574754422877,0.0,0.0,0.0,3,false,,,,,1464519776420,0
serverInfo,,,,,,,,,251,19.952114924181966,1464519776420,0
move,0.6276402785360915,0.0,0.0,0.0,3,false,,,,,1464519776524,104
serverInfo,,,,,,,,,251,19.940179461615156,1464519776524,0
move,0.6277720275241876,0.0,0.2301898,0.11509323,3,false,,,,,1464519776524,0
serverInfo,,,,,,,,,251,19.940179461615156,1464519776524,0
move,0.6278439624800569,0.0,1.15095,0.0,3,false,,,,,1464519776615,91
serverInfo,,,,,,,,,251,19.97602876548142,1464519776615,0
move,0.6282139255397112,0.0,1.3811398,0.46037674,3,false,,,,,1464519776664,49
serverInfo,,,,,,,,,251,19.97602876548142,1464519776664,0
move,0.6285763885480549,0.0,0.575475,0.23018646,3,false,,,,,1464519776714,50
serverInfo,,,,,,,,,251,19.980019980019982,1464519776714,0
move,0.6289301222667945,0.0,0.6905701,0.23018646,3,false,,,,,1464519776765,51
serverInfo,,,,,,,,,251,19.972039145196725,1464519776765,0
move,0.6292744406305673,0.0,1.15095,0.23018646,3,false,,,,,1464519776814,49
serverInfo,,,,,,,,,251,19.97602876548142,1464519776814,0
move,0.6295363109856424,0.0,0.23019004,0.11509323,3,false,,,,,1464519776869,55
serverInfo,,,,,,,,,251,19.95609658750748,1464519776869,0
move,0.6296792922160961,0.0,0.0,0.0,3,false,,,,,1464519776921,52
serverInfo,,,,,,,,,251,19.948134849391582,1464519776921,0
move,0.6300412047459929,0.0,0.11509502,0.46037674,3,false,,,,,1464519776977,56
serverInfo,,,,,,,,,251,19.924287706714484,1464519776977,0
move,0.6305674988238934,0.0,0.23019004,0.57547,3,false,,,,,1464519776977,0
serverInfo,,,,,,,,,251,19.924287706714484,1464519776977,0
move,0.631370808130157,0.0,0.8056648,1.0358505,3,false,,,,,1464519777074,97
serverInfo,,,,,,,,,251,19.93620414673046,1464519777074,0
move,0.6318094150622926,0.0,0.11509496,0.0,3,false,,,,,1464519777074,0
serverInfo,,,,,,,,,251,19.93620414673046,1464519777074,0
move,0.6315951988202073,0.0,0.4603799,-0.9207611,3,false,,,,,1464519777124,50
serverInfo,,,,,,,,,251,19.940179461615156,1464519777124,0
move,0.6299314142501231,0.0,0.57547486,-2.416996,3,false,,,,,1464519777170,46
serverInfo,,,,,,,,,251,19.952114924181966,1464519777170,0
move,0.6282983815534067,0.0,0.0,-0.9207611,3,false,,,,,1464519777373,203
serverInfo,,,,,,,,,266,19.940179461615156,1464519777373,0
move,0.6274067455973977,0.0,0.0,0.0,3,false,,,,,1464519777373,0
serverInfo,,,,,,,,,266,19.940179461615156,1464519777373,0
move,0.6270145346825018,0.0,0.0,0.11509323,3,false,,,,,1464519777374,1
serverInfo,,,,,,,,,266,19.93620414673046,1464519777374,0
move,0.6270772957765018,0.0,0.0,0.3452835,3,false,,,,,1464519777423,49
serverInfo,,,,,,,,,266,19.940179461615156,1464519777423,0
move,0.6281877922545078,0.0,0.4603799,1.4962349,3,false,,,,,1464519777472,49
serverInfo,,,,,,,,,266,19.94415636218588,1464519777472,0
move,0.6291576148774567,0.0,0.11509496,0.5754738,3,false,,,,,1464519777522,50
serverInfo,,,,,,,,,266,19.94415636218588,1464519777522,0
move,0.6308946089849883,0.0,0.6905699,2.4169922,3,false,,,,,1464519777570,48
serverInfo,,,,,,,,,266,19.952114924181966,1464519777570,0
move,0.6321325523410195,0.0,0.23019004,0.80566406,3,false,,,,,1464519777625,55
serverInfo,,,,,,,,,266,19.93620414673046,1464519777625,0
move,0.6332547294673248,0.0,0.34528494,1.8415146,3,false,,,,,1464519777625,0
serverInfo,,,,,,,,,266,19.93620414673046,1464519777625,0
move,0.6339327798413024,0.0,0.1150949,0.46037674,3,false,,,,,1464519777718,93
serverInfo,,,,,,,,,266,19.964064683569575,1464519777718,0
move,0.6341774680066123,0.0,0.9207599,3.5679436,3,false,,,,,1464519777719,1
serverInfo,,,,,,,,,266,19.960079840319363,1464519777719,0
move,0.6331255462769576,0.0,0.575475,3.4528465,3,false,,,,,1464519777772,53
serverInfo,,,,,,,,,266,19.94415636218588,1464519777772,0
move,0.632493589056665,0.0,0.11509514,0.11509323,3,false,,,,,1464519777872,100
serverInfo,,,,,,,,,266,19.94415636218588,1464519777872,0
move,0.6321485403743452,0.0,0.0,0.0,3,false,,,,,1464519777873,1
serverInfo,,,,,,,,,266,19.940179461615156,1464519777873,0
move,0.5729500478775265,0.0,0.0,0.0,3,false,,,,,1464519777974,101
serverInfo,,,,,,,,,266,19.93620414673046,1464519777974,0
move,0.5417476310447427,0.0,0.2301898,0.3452835,3,false,,,,,1464519777974,0
serverInfo,,,,,,,,,266,19.93620414673046,1464519777974,0
